-- phpMyAdmin SQL Dump
-- version 5.2.0
-- https://www.phpmyadmin.net/
--
-- Host: localhost
-- Generation Time: May 01, 2026 at 06:01 PM
-- Server version: 10.4.27-MariaDB
-- PHP Version: 7.4.33

SET SQL_MODE = "NO_AUTO_VALUE_ON_ZERO";
START TRANSACTION;
SET time_zone = "+00:00";


/*!40101 SET @OLD_CHARACTER_SET_CLIENT=@@CHARACTER_SET_CLIENT */;
/*!40101 SET @OLD_CHARACTER_SET_RESULTS=@@CHARACTER_SET_RESULTS */;
/*!40101 SET @OLD_COLLATION_CONNECTION=@@COLLATION_CONNECTION */;
/*!40101 SET NAMES utf8mb4 */;

--
-- Database: `cbt25`
--

-- --------------------------------------------------------

--
-- Table structure for table `auth`
--

CREATE TABLE `auth` (
  `id` int(11) NOT NULL,
  `username` varchar(128) NOT NULL,
  `password` varchar(1028) NOT NULL,
  `nama` varchar(256) NOT NULL,
  `level` varchar(32) NOT NULL
) ENGINE=InnoDB DEFAULT CHARSET=utf8mb4 COLLATE=utf8mb4_general_ci;

--
-- Dumping data for table `auth`
--

INSERT INTO `auth` (`id`, `username`, `password`, `nama`, `level`) VALUES
(1, 'K01030098', '243778a3e45875976f29ec9d19450bb2', 'ADMINISTRATOR UTAMA', 'admin'),
(2, 'K01030098-AKL', '30c87aa2df2fd8fc61079ffc1f10e6cc', 'ADMINISTRATOR AKL', 'adminakl'),
(3, 'K01030098-PM', '30c87aa2df2fd8fc61079ffc1f10e6cc', 'ADMINISTRATOR PM', 'adminbdp'),
(4, 'K01030098-MPLB', '30c87aa2df2fd8fc61079ffc1f10e6cc', 'ADMINISTRATOR MPLB', 'adminotkp'),
(5, 'K01030098-TJKT', '30c87aa2df2fd8fc61079ffc1f10e6cc', 'ADMINISTRATOR TJKT', 'admintkj'),
(6, 'K01030098-DKV', '30c87aa2df2fd8fc61079ffc1f10e6cc', 'ADMINISTRATOR DKV', 'admindkv');

-- --------------------------------------------------------

--
-- Table structure for table `a_jadwal`
--

CREATE TABLE `a_jadwal` (
  `id_jadwal` bigint(24) NOT NULL,
  `id_mapel` int(11) NOT NULL,
  `tanggal_mulai` date NOT NULL,
  `waktu_mulai` time NOT NULL,
  `waktu_selesai` time NOT NULL,
  `durasi` int(8) NOT NULL
) ENGINE=InnoDB DEFAULT CHARSET=utf8mb4 COLLATE=utf8mb4_general_ci;

--
-- Dumping data for table `a_jadwal`
--

INSERT INTO `a_jadwal` (`id_jadwal`, `id_mapel`, `tanggal_mulai`, `waktu_mulai`, `waktu_selesai`, `durasi`) VALUES
(73629617, 1001, '2026-04-28', '05:00:00', '23:00:00', 30);

-- --------------------------------------------------------

--
-- Table structure for table `a_jurusan`
--

CREATE TABLE `a_jurusan` (
  `id` int(11) NOT NULL,
  `kode` varchar(8) NOT NULL,
  `jurusan` varchar(128) NOT NULL
) ENGINE=InnoDB DEFAULT CHARSET=utf8mb4 COLLATE=utf8mb4_general_ci;

--
-- Dumping data for table `a_jurusan`
--

INSERT INTO `a_jurusan` (`id`, `kode`, `jurusan`) VALUES
(101, 'AKL', 'AKUTANSI KEUANGAN LEMBAGA'),
(202, 'PM', 'PEMASARAN'),
(303, 'MPLB', 'MANAJEMEN PERKANTORAN DAN LAYANAN BISNIS'),
(404, 'TJKT', 'TEKNIK JARINGAN KOMPUTER DAN TELEKOMUNIKASI'),
(505, 'DKV', 'DESAIN KOMUNIKASI VISUAL');

-- --------------------------------------------------------

--
-- Table structure for table `a_kelas`
--

CREATE TABLE `a_kelas` (
  `id` int(11) NOT NULL,
  `kode` varchar(8) NOT NULL,
  `kelas` varchar(128) NOT NULL,
  `slug` varchar(250) NOT NULL
) ENGINE=InnoDB DEFAULT CHARSET=utf8mb4 COLLATE=utf8mb4_general_ci;

--
-- Dumping data for table `a_kelas`
--

INSERT INTO `a_kelas` (`id`, `kode`, `kelas`, `slug`) VALUES
(1001, 'AKL', 'X AKL 1', 'X AKL 1_ULANGAN HARIAN_2526'),
(1002, 'AKL', 'X AKL 2', 'X AKL 2_ULANGAN HARIAN_2526'),
(1003, 'PM', 'X PM', 'X PM_ULANGAN HARIAN_2526'),
(1004, 'MPLB', 'X MPLB 1', 'X MPLB 1_ULANGAN HARIAN_2526'),
(1005, 'MPLB', 'X MPLB 2', 'X MPLB 2_ULANGAN HARIAN_2526'),
(1006, 'TJKT', 'X TJKT 1', 'X TJKT 1_ULANGAN HARIAN_2526'),
(1007, 'TJKT', 'X TJKT 2', 'X TJKT 2_ULANGAN HARIAN_2526'),
(1008, 'TJKT', 'X TJKT 3', 'X TJKT 3_ULANGAN HARIAN_2526'),
(1009, 'TJKT', 'X TJKT 4', 'X TJKT 4_ULANGAN HARIAN_2526'),
(1010, 'DKV', 'X DKV', 'X DKV_ULANGAN HARIAN_2526'),
(1011, 'AKL', 'XI AKL 1', 'XI AKL 1_ULANGAN HARIAN_2526'),
(1012, 'AKL', 'XI AKL 2', 'XI AKL 2_ULANGAN HARIAN_2526'),
(1013, 'PM', 'XI PM', 'XI PM_ULANGAN HARIAN_2526'),
(1014, 'MPLB', 'XI MPLB 1', 'XI MPLB 1_ULANGAN HARIAN_2526'),
(1015, 'MPLB', 'XI MPLB 2', 'XI MPLB 2_ULANGAN HARIAN_2526'),
(1016, 'TJKT', 'XI TJKT 1', 'XI TJKT 1_ULANGAN HARIAN_2526'),
(1017, 'TJKT', 'XI TJKT 2', 'XI TJKT 2_ULANGAN HARIAN_2526'),
(1018, 'TJKT', 'XI TJKT 3', 'XI TJKT 3_ULANGAN HARIAN_2526'),
(1019, 'DKV', 'XI DKV', 'XI DKV_ULANGAN HARIAN_2526');

-- --------------------------------------------------------

--
-- Table structure for table `a_mapel`
--

CREATE TABLE `a_mapel` (
  `id_mapel` bigint(240) NOT NULL,
  `id_kelas` int(11) NOT NULL,
  `nama_mapel` text NOT NULL,
  `timestamp` timestamp NOT NULL DEFAULT current_timestamp() ON UPDATE current_timestamp()
) ENGINE=InnoDB DEFAULT CHARSET=utf8mb4 COLLATE=utf8mb4_general_ci;

--
-- Dumping data for table `a_mapel`
--

INSERT INTO `a_mapel` (`id_mapel`, `id_kelas`, `nama_mapel`, `timestamp`) VALUES
(1001, 1001, 'CODING ( X AKL 1 )', '2026-04-27 13:44:38'),
(1002, 1002, 'CODING ( X AKL 2 )', '2026-04-27 13:44:38'),
(1003, 1003, 'CODING ( X PM )', '2026-04-27 13:44:38'),
(1004, 1004, 'CODING ( X MPLB 1 )', '2026-04-27 13:44:38'),
(1005, 1005, 'CODING ( X MPLB 2 )', '2026-04-27 13:44:38'),
(1006, 1006, 'CODING ( X TJKT 1 )', '2026-04-27 13:44:38'),
(1007, 1007, 'CODING ( X TJKT 2 )', '2026-04-27 13:44:38'),
(1008, 1008, 'CODING ( X TJKT 3 )', '2026-04-27 13:44:38'),
(1009, 1009, 'CODING ( X TJKT 4 )', '2026-04-27 13:44:38'),
(1010, 1010, 'CODING ( X DKV )', '2026-04-27 13:44:38');

-- --------------------------------------------------------

--
-- Table structure for table `a_siswa`
--

CREATE TABLE `a_siswa` (
  `id` int(11) NOT NULL,
  `no_peserta` varchar(128) NOT NULL,
  `nama_siswa` varchar(512) NOT NULL,
  `kelas` varchar(250) NOT NULL,
  `jurusan` varchar(8) NOT NULL,
  `username` varchar(128) NOT NULL,
  `password` varchar(128) NOT NULL,
  `level` text NOT NULL,
  `status` int(11) NOT NULL
) ENGINE=InnoDB DEFAULT CHARSET=utf8mb4 COLLATE=utf8mb4_general_ci;

--
-- Dumping data for table `a_siswa`
--

INSERT INTO `a_siswa` (`id`, `no_peserta`, `nama_siswa`, `kelas`, `jurusan`, `username`, `password`, `level`, `status`) VALUES
(1001, 'S1001', 'ALIYA PUSPITA SARI', 'X AKL 1_ULANGAN HARIAN_2526', 'AKL', 'S1001', 'UH123', 'siswa', 1),
(1002, 'S1002', 'ALMIYA RAHMA JULIANTI', 'X AKL 1_ULANGAN HARIAN_2526', 'AKL', 'S1002', 'UH123', 'siswa', 1),
(1003, 'S1003', 'AURIN OCTAVIA', 'X AKL 1_ULANGAN HARIAN_2526', 'AKL', 'S1003', 'UH123', 'siswa', 1),
(1004, 'S1004', 'DEVITA AWALIA FITRIANI', 'X AKL 1_ULANGAN HARIAN_2526', 'AKL', 'S1004', 'UH123', 'siswa', 1),
(1005, 'S1005', 'FABIAN ALVES', 'X AKL 1_ULANGAN HARIAN_2526', 'AKL', 'S1005', 'UH123', 'siswa', 1),
(1006, 'S1006', 'GRECE', 'X AKL 1_ULANGAN HARIAN_2526', 'AKL', 'S1006', 'UH123', 'siswa', 1),
(1007, 'S1007', 'KAYLA FALISHA SYAHRA', 'X AKL 1_ULANGAN HARIAN_2526', 'AKL', 'S1007', 'UH123', 'siswa', 1),
(1008, 'S1008', 'KHANSHA FADHILAH', 'X AKL 1_ULANGAN HARIAN_2526', 'AKL', 'S1008', 'UH123', 'siswa', 1),
(1009, 'S1009', 'KHOIRUN NISA RAMADHANI', 'X AKL 1_ULANGAN HARIAN_2526', 'AKL', 'S1009', 'UH123', 'siswa', 1),
(1010, 'S1010', 'MAELANI', 'X AKL 1_ULANGAN HARIAN_2526', 'AKL', 'S1010', 'UH123', 'siswa', 1),
(1011, 'S1011', 'MARCHA DELIA ASTARI', 'X AKL 1_ULANGAN HARIAN_2526', 'AKL', 'S1011', 'UH123', 'siswa', 1),
(1012, 'S1012', 'MELLDYA TERANIA', 'X AKL 1_ULANGAN HARIAN_2526', 'AKL', 'S1012', 'UH123', 'siswa', 1),
(1013, 'S1013', 'MUHAMMAD RAMADHAN', 'X AKL 1_ULANGAN HARIAN_2526', 'AKL', 'S1013', 'UH123', 'siswa', 1),
(1014, 'S1014', 'NABILA GUNAWAN', 'X AKL 1_ULANGAN HARIAN_2526', 'AKL', 'S1014', 'UH123', 'siswa', 1),
(1015, 'S1015', 'RIKI', 'X AKL 1_ULANGAN HARIAN_2526', 'AKL', 'S1015', 'UH123', 'siswa', 1),
(1016, 'S1016', 'RIOVANO DUDIKOV', 'X AKL 1_ULANGAN HARIAN_2526', 'AKL', 'S1016', 'UH123', 'siswa', 1),
(1017, 'S1017', 'RIZKY JOHNTIN PRATAMA', 'X AKL 1_ULANGAN HARIAN_2526', 'AKL', 'S1017', 'UH123', 'siswa', 1),
(1018, 'S1018', 'SILVIA', 'X AKL 1_ULANGAN HARIAN_2526', 'AKL', 'S1018', 'UH123', 'siswa', 1),
(1019, 'S1019', 'SITI NAZWA', 'X AKL 1_ULANGAN HARIAN_2526', 'AKL', 'S1019', 'UH123', 'siswa', 1),
(1020, 'S1020', 'SYAFINA NAHLA ALTAFIZA', 'X AKL 1_ULANGAN HARIAN_2526', 'AKL', 'S1020', 'UH123', 'siswa', 1),
(1021, 'S1021', 'SYIFA ALFI WIRATNA', 'X AKL 1_ULANGAN HARIAN_2526', 'AKL', 'S1021', 'UH123', 'siswa', 1),
(1022, 'S1022', 'TENSA YUNIARTA', 'X AKL 1_ULANGAN HARIAN_2526', 'AKL', 'S1022', 'UH123', 'siswa', 1),
(1023, 'S1023', 'VALDI IMMANUEL', 'X AKL 1_ULANGAN HARIAN_2526', 'AKL', 'S1023', 'UH123', 'siswa', 1),
(1024, 'S1024', 'VIDI ARDABILLY', 'X AKL 1_ULANGAN HARIAN_2526', 'AKL', 'S1024', 'UH123', 'siswa', 1),
(1025, 'S1025', 'YOSELA DEWI AMELIA', 'X AKL 1_ULANGAN HARIAN_2526', 'AKL', 'S1025', 'UH123', 'siswa', 1),
(1026, 'S1026', 'ZAHRA RASTA FARA', 'X AKL 1_ULANGAN HARIAN_2526', 'AKL', 'S1026', 'UH123', 'siswa', 1),
(1027, 'S1027', 'ZEFANYA ANASTASYA YUSUF', 'X AKL 1_ULANGAN HARIAN_2526', 'AKL', 'S1027', 'UH123', 'siswa', 1),
(1028, 'S1028', 'ZHAKY VELINO HERYANSYAH', 'X AKL 1_ULANGAN HARIAN_2526', 'AKL', 'S1028', 'UH123', 'siswa', 1),
(1029, 'S1029', 'ANGELIKA TANALIE', 'X AKL 2_ULANGAN HARIAN_2526', 'AKL', 'S1029', 'UH123', 'siswa', 1),
(1030, 'S1030', 'ANNISA SITI NUR AZIZAH', 'X AKL 2_ULANGAN HARIAN_2526', 'AKL', 'S1030', 'UH123', 'siswa', 1),
(1031, 'S1031', 'AURELIA OKTAVIANI', 'X AKL 2_ULANGAN HARIAN_2526', 'AKL', 'S1031', 'UH123', 'siswa', 1),
(1032, 'S1032', 'CHENYLAURA PATRISIA', 'X AKL 2_ULANGAN HARIAN_2526', 'AKL', 'S1032', 'UH123', 'siswa', 1),
(1033, 'S1033', 'DEVIN MARLIO', 'X AKL 2_ULANGAN HARIAN_2526', 'AKL', 'S1033', 'UH123', 'siswa', 1),
(1034, 'S1034', 'DHAVINA ALZAHWA SAFITRI', 'X AKL 2_ULANGAN HARIAN_2526', 'AKL', 'S1034', 'UH123', 'siswa', 1),
(1035, 'S1035', 'FARDHAN ADHASA', 'X AKL 2_ULANGAN HARIAN_2526', 'AKL', 'S1035', 'UH123', 'siswa', 1),
(1036, 'S1036', 'FERNANDO FERDERICK VALENTINO', 'X AKL 2_ULANGAN HARIAN_2526', 'AKL', 'S1036', 'UH123', 'siswa', 1),
(1037, 'S1037', 'GHAZILA JAUZA AULIA', 'X AKL 2_ULANGAN HARIAN_2526', 'AKL', 'S1037', 'UH123', 'siswa', 1),
(1038, 'S1038', 'KEYSA TRI UTAMI', 'X AKL 2_ULANGAN HARIAN_2526', 'AKL', 'S1038', 'UH123', 'siswa', 1),
(1039, 'S1039', 'Keyza Noviandra Putri', 'X AKL 2_ULANGAN HARIAN_2526', 'AKL', 'S1039', 'UH123', 'siswa', 1),
(1040, 'S1040', 'MUHAMMAD ZACKY IRVANSYAH', 'X AKL 2_ULANGAN HARIAN_2526', 'AKL', 'S1040', 'UH123', 'siswa', 1),
(1041, 'S1041', 'MULIA KHAIRUN NISA', 'X AKL 2_ULANGAN HARIAN_2526', 'AKL', 'S1041', 'UH123', 'siswa', 1),
(1042, 'S1042', 'NAFEZA ANDENA SENJANI', 'X AKL 2_ULANGAN HARIAN_2526', 'AKL', 'S1042', 'UH123', 'siswa', 1),
(1043, 'S1043', 'NURHAENI', 'X AKL 2_ULANGAN HARIAN_2526', 'AKL', 'S1043', 'UH123', 'siswa', 1),
(1044, 'S1044', 'PRINCESSA AELIS', 'X AKL 2_ULANGAN HARIAN_2526', 'AKL', 'S1044', 'UH123', 'siswa', 1),
(1045, 'S1045', 'RIYAN DAMARSYAH', 'X AKL 2_ULANGAN HARIAN_2526', 'AKL', 'S1045', 'UH123', 'siswa', 1),
(1046, 'S1046', 'SILVA JULIAN PRATIKHA', 'X AKL 2_ULANGAN HARIAN_2526', 'AKL', 'S1046', 'UH123', 'siswa', 1),
(1047, 'S1047', 'SUNINESIH', 'X AKL 2_ULANGAN HARIAN_2526', 'AKL', 'S1047', 'UH123', 'siswa', 1),
(1048, 'S1048', 'SYROJI FAUZI', 'X AKL 2_ULANGAN HARIAN_2526', 'AKL', 'S1048', 'UH123', 'siswa', 1),
(1049, 'S1049', 'TANIA SAUSAN MAHARANI', 'X AKL 2_ULANGAN HARIAN_2526', 'AKL', 'S1049', 'UH123', 'siswa', 1),
(1050, 'S1050', 'ZAHIRA SALSABILA SUSILO', 'X AKL 2_ULANGAN HARIAN_2526', 'AKL', 'S1050', 'UH123', 'siswa', 1),
(1051, 'S1051', 'ZAHRA NUR OKTAVIANI', 'X AKL 2_ULANGAN HARIAN_2526', 'AKL', 'S1051', 'UH123', 'siswa', 1),
(1052, 'S1052', 'ZHAKY RAHMADAN PUTRA', 'X AKL 2_ULANGAN HARIAN_2526', 'AKL', 'S1052', 'UH123', 'siswa', 1),
(1053, 'S1053', 'ADAM FAUZI', 'X DKV_ULANGAN HARIAN_2526', 'DKV', 'S1053', 'UH123', 'siswa', 1),
(1054, 'S1054', 'ADITYA PRASETYO', 'X DKV_ULANGAN HARIAN_2526', 'DKV', 'S1054', 'UH123', 'siswa', 1),
(1055, 'S1055', 'ALDAN TRIWINATA', 'X DKV_ULANGAN HARIAN_2526', 'DKV', 'S1055', 'UH123', 'siswa', 1),
(1056, 'S1056', 'ALIFCA DESTYAR RAHAYU', 'X DKV_ULANGAN HARIAN_2526', 'DKV', 'S1056', 'UH123', 'siswa', 1),
(1057, 'S1057', 'ALSYAFI PUTRA CHAILY', 'X DKV_ULANGAN HARIAN_2526', 'DKV', 'S1057', 'UH123', 'siswa', 1),
(1058, 'S1058', 'ANANDA LUFHFI HANIFAH', 'X DKV_ULANGAN HARIAN_2526', 'DKV', 'S1058', 'UH123', 'siswa', 1),
(1059, 'S1059', 'ARJUNA IBRAHIM', 'X DKV_ULANGAN HARIAN_2526', 'DKV', 'S1059', 'UH123', 'siswa', 1),
(1060, 'S1060', 'AZRIEL RAHARDIAN DIRMANSYAH', 'X DKV_ULANGAN HARIAN_2526', 'DKV', 'S1060', 'UH123', 'siswa', 1),
(1061, 'S1061', 'AZZAHRAH PUTERI SETIAWAN', 'X DKV_ULANGAN HARIAN_2526', 'DKV', 'S1061', 'UH123', 'siswa', 1),
(1062, 'S1062', 'CANTIK LAURA HIDAYAT', 'X DKV_ULANGAN HARIAN_2526', 'DKV', 'S1062', 'UH123', 'siswa', 1),
(1063, 'S1063', 'DAMAR DIRGANTARA', 'X DKV_ULANGAN HARIAN_2526', 'DKV', 'S1063', 'UH123', 'siswa', 1),
(1064, 'S1064', 'DEDE FIRMASYAH', 'X DKV_ULANGAN HARIAN_2526', 'DKV', 'S1064', 'UH123', 'siswa', 1),
(1065, 'S1065', 'DENI WILDAN SAPUTRA', 'X DKV_ULANGAN HARIAN_2526', 'DKV', 'S1065', 'UH123', 'siswa', 1),
(1066, 'S1066', 'DEVAN SYAEFUL RAMDHANY', 'X DKV_ULANGAN HARIAN_2526', 'DKV', 'S1066', 'UH123', 'siswa', 1),
(1067, 'S1067', 'DICKA FERDINAND', 'X DKV_ULANGAN HARIAN_2526', 'DKV', 'S1067', 'UH123', 'siswa', 1),
(1068, 'S1068', 'DORAY SINGAM', 'X DKV_ULANGAN HARIAN_2526', 'DKV', 'S1068', 'UH123', 'siswa', 1),
(1069, 'S1069', 'EIFFEL LATEEFA QUEENARA', 'X DKV_ULANGAN HARIAN_2526', 'DKV', 'S1069', 'UH123', 'siswa', 1),
(1070, 'S1070', 'FATHANIA KHAIRUNNISA SUBHANA', 'X DKV_ULANGAN HARIAN_2526', 'DKV', 'S1070', 'UH123', 'siswa', 1),
(1071, 'S1071', 'GHIO FARLAN ANANDA', 'X DKV_ULANGAN HARIAN_2526', 'DKV', 'S1071', 'UH123', 'siswa', 1),
(1072, 'S1072', 'HAFIDZI SIROJUDDIN', 'X DKV_ULANGAN HARIAN_2526', 'DKV', 'S1072', 'UH123', 'siswa', 1),
(1073, 'S1073', 'HAFIT MARDIANSYAH', 'X DKV_ULANGAN HARIAN_2526', 'DKV', 'S1073', 'UH123', 'siswa', 1),
(1074, 'S1074', 'HANIF REVANDI', 'X DKV_ULANGAN HARIAN_2526', 'DKV', 'S1074', 'UH123', 'siswa', 1),
(1075, 'S1075', 'HANIFAH MUNFIKOH', 'X DKV_ULANGAN HARIAN_2526', 'DKV', 'S1075', 'UH123', 'siswa', 1),
(1076, 'S1076', 'INNAYAH KHANZA ARRIZQIYAH', 'X DKV_ULANGAN HARIAN_2526', 'DKV', 'S1076', 'UH123', 'siswa', 1),
(1077, 'S1077', 'INUYASHA', 'X DKV_ULANGAN HARIAN_2526', 'DKV', 'S1077', 'UH123', 'siswa', 1),
(1078, 'S1078', 'MUHAMAD HUSEN', 'X DKV_ULANGAN HARIAN_2526', 'DKV', 'S1078', 'UH123', 'siswa', 1),
(1079, 'S1079', 'NAISIKA RAMADHANI', 'X DKV_ULANGAN HARIAN_2526', 'DKV', 'S1079', 'UH123', 'siswa', 1),
(1080, 'S1080', 'NATHANAEL WYLSON ORLANDO', 'X DKV_ULANGAN HARIAN_2526', 'DKV', 'S1080', 'UH123', 'siswa', 1),
(1081, 'S1081', 'NICKOLAS SYAH PUTRA', 'X DKV_ULANGAN HARIAN_2526', 'DKV', 'S1081', 'UH123', 'siswa', 1),
(1082, 'S1082', 'NUR NAJMI LAILA ROCHMAH', 'X DKV_ULANGAN HARIAN_2526', 'DKV', 'S1082', 'UH123', 'siswa', 1),
(1083, 'S1083', 'PANDU ARI DWI HANDIKA', 'X DKV_ULANGAN HARIAN_2526', 'DKV', 'S1083', 'UH123', 'siswa', 1),
(1084, 'S1084', 'Prabu Kian Santang', 'X DKV_ULANGAN HARIAN_2526', 'DKV', 'S1084', 'UH123', 'siswa', 1),
(1085, 'S1085', 'PUTRI SAFA APRILIA', 'X DKV_ULANGAN HARIAN_2526', 'DKV', 'S1085', 'UH123', 'siswa', 1),
(1086, 'S1086', 'RADIT SANJAYA PUTRA', 'X DKV_ULANGAN HARIAN_2526', 'DKV', 'S1086', 'UH123', 'siswa', 1),
(1087, 'S1087', 'RIZKIAH PUTRI HARDIANTI', 'X DKV_ULANGAN HARIAN_2526', 'DKV', 'S1087', 'UH123', 'siswa', 1),
(1088, 'S1088', 'RIZQI RAYANA HIDAYAT', 'X DKV_ULANGAN HARIAN_2526', 'DKV', 'S1088', 'UH123', 'siswa', 1),
(1089, 'S1089', 'SALMA PUTRI ZAHRA', 'X DKV_ULANGAN HARIAN_2526', 'DKV', 'S1089', 'UH123', 'siswa', 1),
(1090, 'S1090', 'SALMAN HARIRI FADHURRAHMAN', 'X DKV_ULANGAN HARIAN_2526', 'DKV', 'S1090', 'UH123', 'siswa', 1),
(1091, 'S1091', 'SALWA YULIANDA AGUSTIN', 'X DKV_ULANGAN HARIAN_2526', 'DKV', 'S1091', 'UH123', 'siswa', 1),
(1092, 'S1092', 'SAMUEL GERALDYN', 'X DKV_ULANGAN HARIAN_2526', 'DKV', 'S1092', 'UH123', 'siswa', 1),
(1093, 'S1093', 'YURIEL JOVANNY JOHNSON', 'X DKV_ULANGAN HARIAN_2526', 'DKV', 'S1093', 'UH123', 'siswa', 1),
(1094, 'S1094', 'Agnes Herlina Chintia Ningrum', 'X MPLB 1_ULANGAN HARIAN_2526', 'MPLB', 'S1094', 'UH123', 'siswa', 1),
(1095, 'S1095', 'AISYAH NURFADILLAH', 'X MPLB 1_ULANGAN HARIAN_2526', 'MPLB', 'S1095', 'UH123', 'siswa', 1),
(1096, 'S1096', 'AJENG NUR AMINAH', 'X MPLB 1_ULANGAN HARIAN_2526', 'MPLB', 'S1096', 'UH123', 'siswa', 1),
(1097, 'S1097', 'ALYCIA PUTRI MAHARANI', 'X MPLB 1_ULANGAN HARIAN_2526', 'MPLB', 'S1097', 'UH123', 'siswa', 1),
(1098, 'S1098', 'Amelia', 'X MPLB 1_ULANGAN HARIAN_2526', 'MPLB', 'S1098', 'UH123', 'siswa', 1),
(1099, 'S1099', 'ANINDYA PUTRI RAMADHANI', 'X MPLB 1_ULANGAN HARIAN_2526', 'MPLB', 'S1099', 'UH123', 'siswa', 1),
(1100, 'S1100', 'ANISSA GISELLA', 'X MPLB 1_ULANGAN HARIAN_2526', 'MPLB', 'S1100', 'UH123', 'siswa', 1),
(1101, 'S1101', 'Arsha Fidela Azizi', 'X MPLB 1_ULANGAN HARIAN_2526', 'MPLB', 'S1101', 'UH123', 'siswa', 1),
(1102, 'S1102', 'ASYIFA OKTAVIANI', 'X MPLB 1_ULANGAN HARIAN_2526', 'MPLB', 'S1102', 'UH123', 'siswa', 1),
(1103, 'S1103', 'AULIA FATIH HAWA', 'X MPLB 1_ULANGAN HARIAN_2526', 'MPLB', 'S1103', 'UH123', 'siswa', 1),
(1104, 'S1104', 'AURELIA INTAN ELVYRYANTI', 'X MPLB 1_ULANGAN HARIAN_2526', 'MPLB', 'S1104', 'UH123', 'siswa', 1),
(1105, 'S1105', 'AZZAHRAH NURMUFIDAH', 'X MPLB 1_ULANGAN HARIAN_2526', 'MPLB', 'S1105', 'UH123', 'siswa', 1),
(1106, 'S1106', 'CALYA ADHYA PUTRI', 'X MPLB 1_ULANGAN HARIAN_2526', 'MPLB', 'S1106', 'UH123', 'siswa', 1),
(1107, 'S1107', 'DEFHITA JULIA CAHAYA', 'X MPLB 1_ULANGAN HARIAN_2526', 'MPLB', 'S1107', 'UH123', 'siswa', 1),
(1108, 'S1108', 'DINI ANGGRAINI', 'X MPLB 1_ULANGAN HARIAN_2526', 'MPLB', 'S1108', 'UH123', 'siswa', 1),
(1109, 'S1109', 'ELISYA JULYANA FATRICYA GULTOM', 'X MPLB 1_ULANGAN HARIAN_2526', 'MPLB', 'S1109', 'UH123', 'siswa', 1),
(1110, 'S1110', 'ELVIRA NANDYA PUTRI', 'X MPLB 1_ULANGAN HARIAN_2526', 'MPLB', 'S1110', 'UH123', 'siswa', 1),
(1111, 'S1111', 'FITRI OKTAFIANI', 'X MPLB 1_ULANGAN HARIAN_2526', 'MPLB', 'S1111', 'UH123', 'siswa', 1),
(1112, 'S1112', 'HAURA FARRAS RIYADI', 'X MPLB 1_ULANGAN HARIAN_2526', 'MPLB', 'S1112', 'UH123', 'siswa', 1),
(1113, 'S1113', 'ISHMAH', 'X MPLB 1_ULANGAN HARIAN_2526', 'MPLB', 'S1113', 'UH123', 'siswa', 1),
(1114, 'S1114', 'JELITA AURELLIA', 'X MPLB 1_ULANGAN HARIAN_2526', 'MPLB', 'S1114', 'UH123', 'siswa', 1),
(1115, 'S1115', 'JESI NADIA PUTRI', 'X MPLB 1_ULANGAN HARIAN_2526', 'MPLB', 'S1115', 'UH123', 'siswa', 1),
(1116, 'S1116', 'KHEYLA LUCRETIA KEMUNING', 'X MPLB 1_ULANGAN HARIAN_2526', 'MPLB', 'S1116', 'UH123', 'siswa', 1),
(1117, 'S1117', 'LUTFIA HEPPY SAFITRI', 'X MPLB 1_ULANGAN HARIAN_2526', 'MPLB', 'S1117', 'UH123', 'siswa', 1),
(1118, 'S1118', 'MALA SARI CAHYADI', 'X MPLB 1_ULANGAN HARIAN_2526', 'MPLB', 'S1118', 'UH123', 'siswa', 1),
(1119, 'S1119', 'Marsya Aprilia', 'X MPLB 1_ULANGAN HARIAN_2526', 'MPLB', 'S1119', 'UH123', 'siswa', 1),
(1120, 'S1120', 'MEGA APRILLIA', 'X MPLB 1_ULANGAN HARIAN_2526', 'MPLB', 'S1120', 'UH123', 'siswa', 1),
(1121, 'S1121', 'Melisa Amanda Putri', 'X MPLB 1_ULANGAN HARIAN_2526', 'MPLB', 'S1121', 'UH123', 'siswa', 1),
(1122, 'S1122', 'NABILA NAZWA AZAHRA', 'X MPLB 1_ULANGAN HARIAN_2526', 'MPLB', 'S1122', 'UH123', 'siswa', 1),
(1123, 'S1123', 'PRICILLIA INA BULU LIUNESI', 'X MPLB 1_ULANGAN HARIAN_2526', 'MPLB', 'S1123', 'UH123', 'siswa', 1),
(1124, 'S1124', 'PUTU DESI APRIL YANI', 'X MPLB 1_ULANGAN HARIAN_2526', 'MPLB', 'S1124', 'UH123', 'siswa', 1),
(1125, 'S1125', 'REVA MAYA SAPUTRI', 'X MPLB 1_ULANGAN HARIAN_2526', 'MPLB', 'S1125', 'UH123', 'siswa', 1),
(1126, 'S1126', 'RISTI DAMAYANTI', 'X MPLB 1_ULANGAN HARIAN_2526', 'MPLB', 'S1126', 'UH123', 'siswa', 1),
(1127, 'S1127', 'RIZKA RACHMANIA', 'X MPLB 1_ULANGAN HARIAN_2526', 'MPLB', 'S1127', 'UH123', 'siswa', 1),
(1128, 'S1128', 'ROSA MARDIANA SARI', 'X MPLB 1_ULANGAN HARIAN_2526', 'MPLB', 'S1128', 'UH123', 'siswa', 1),
(1129, 'S1129', 'SENA ALPIAH', 'X MPLB 1_ULANGAN HARIAN_2526', 'MPLB', 'S1129', 'UH123', 'siswa', 1),
(1130, 'S1130', 'SYIFA PUTRI AQIILAH', 'X MPLB 1_ULANGAN HARIAN_2526', 'MPLB', 'S1130', 'UH123', 'siswa', 1),
(1131, 'S1131', 'VEBY SYAFIRA', 'X MPLB 1_ULANGAN HARIAN_2526', 'MPLB', 'S1131', 'UH123', 'siswa', 1),
(1132, 'S1132', 'VERLITA CHANDRA', 'X MPLB 1_ULANGAN HARIAN_2526', 'MPLB', 'S1132', 'UH123', 'siswa', 1),
(1133, 'S1133', 'VIOLA OKTAVIANI', 'X MPLB 1_ULANGAN HARIAN_2526', 'MPLB', 'S1133', 'UH123', 'siswa', 1),
(1134, 'S1134', 'AL\'LANIS AWALI PUTRI', 'X MPLB 2_ULANGAN HARIAN_2526', 'MPLB', 'S1134', 'UH123', 'siswa', 1),
(1135, 'S1135', 'ALISIA NURRIZKI', 'X MPLB 2_ULANGAN HARIAN_2526', 'MPLB', 'S1135', 'UH123', 'siswa', 1),
(1136, 'S1136', 'ALIYAH ALMAHIRAH', 'X MPLB 2_ULANGAN HARIAN_2526', 'MPLB', 'S1136', 'UH123', 'siswa', 1),
(1137, 'S1137', 'AMELIA PUTRI', 'X MPLB 2_ULANGAN HARIAN_2526', 'MPLB', 'S1137', 'UH123', 'siswa', 1),
(1138, 'S1138', 'ANNA ASSYFA', 'X MPLB 2_ULANGAN HARIAN_2526', 'MPLB', 'S1138', 'UH123', 'siswa', 1),
(1139, 'S1139', 'ARUMI NEISHYA WARDHANI', 'X MPLB 2_ULANGAN HARIAN_2526', 'MPLB', 'S1139', 'UH123', 'siswa', 1),
(1140, 'S1140', 'AULIA RAMADHANI', 'X MPLB 2_ULANGAN HARIAN_2526', 'MPLB', 'S1140', 'UH123', 'siswa', 1),
(1141, 'S1141', 'BELLA LESTARI', 'X MPLB 2_ULANGAN HARIAN_2526', 'MPLB', 'S1141', 'UH123', 'siswa', 1),
(1142, 'S1142', 'CALISTA ISNA AULIA', 'X MPLB 2_ULANGAN HARIAN_2526', 'MPLB', 'S1142', 'UH123', 'siswa', 1),
(1143, 'S1143', 'DELLA SABRINA', 'X MPLB 2_ULANGAN HARIAN_2526', 'MPLB', 'S1143', 'UH123', 'siswa', 1),
(1144, 'S1144', 'ESA ANGELIA', 'X MPLB 2_ULANGAN HARIAN_2526', 'MPLB', 'S1144', 'UH123', 'siswa', 1),
(1145, 'S1145', 'INASYA DEKA NOVIANI', 'X MPLB 2_ULANGAN HARIAN_2526', 'MPLB', 'S1145', 'UH123', 'siswa', 1),
(1146, 'S1146', 'JAHRA OKTAVIANI', 'X MPLB 2_ULANGAN HARIAN_2526', 'MPLB', 'S1146', 'UH123', 'siswa', 1),
(1147, 'S1147', 'JANISYA DINDA SOFIYUDIN', 'X MPLB 2_ULANGAN HARIAN_2526', 'MPLB', 'S1147', 'UH123', 'siswa', 1),
(1148, 'S1148', 'KAYLA NAURA SYAFIRA', 'X MPLB 2_ULANGAN HARIAN_2526', 'MPLB', 'S1148', 'UH123', 'siswa', 1),
(1149, 'S1149', 'KHIRAN KASIH RUSTANDI', 'X MPLB 2_ULANGAN HARIAN_2526', 'MPLB', 'S1149', 'UH123', 'siswa', 1),
(1150, 'S1150', 'MADINA HIKMA KAMELIA', 'X MPLB 2_ULANGAN HARIAN_2526', 'MPLB', 'S1150', 'UH123', 'siswa', 1),
(1151, 'S1151', 'MARSHA YUSNIA PUTRI', 'X MPLB 2_ULANGAN HARIAN_2526', 'MPLB', 'S1151', 'UH123', 'siswa', 1),
(1152, 'S1152', 'MASDINAR', 'X MPLB 2_ULANGAN HARIAN_2526', 'MPLB', 'S1152', 'UH123', 'siswa', 1),
(1153, 'S1153', 'MISKAH KHOIRUNISA BANI', 'X MPLB 2_ULANGAN HARIAN_2526', 'MPLB', 'S1153', 'UH123', 'siswa', 1),
(1154, 'S1154', 'NADINE ZAHRATUNNISSA ARIYANDI', 'X MPLB 2_ULANGAN HARIAN_2526', 'MPLB', 'S1154', 'UH123', 'siswa', 1),
(1155, 'S1155', 'NAFIDZAH SURIDA', 'X MPLB 2_ULANGAN HARIAN_2526', 'MPLB', 'S1155', 'UH123', 'siswa', 1),
(1156, 'S1156', 'NAYLA RIFAYA SYAHIRA', 'X MPLB 2_ULANGAN HARIAN_2526', 'MPLB', 'S1156', 'UH123', 'siswa', 1),
(1157, 'S1157', 'PUTRI EKA OKTAPIANA', 'X MPLB 2_ULANGAN HARIAN_2526', 'MPLB', 'S1157', 'UH123', 'siswa', 1),
(1158, 'S1158', 'RAHAYU CONDRO WATI', 'X MPLB 2_ULANGAN HARIAN_2526', 'MPLB', 'S1158', 'UH123', 'siswa', 1),
(1159, 'S1159', 'RATU VALLENCYA ENOSA', 'X MPLB 2_ULANGAN HARIAN_2526', 'MPLB', 'S1159', 'UH123', 'siswa', 1),
(1160, 'S1160', 'REGITA SALSA AULIA', 'X MPLB 2_ULANGAN HARIAN_2526', 'MPLB', 'S1160', 'UH123', 'siswa', 1),
(1161, 'S1161', 'RINDY OLIVIA', 'X MPLB 2_ULANGAN HARIAN_2526', 'MPLB', 'S1161', 'UH123', 'siswa', 1),
(1162, 'S1162', 'RISKA INDRIYANI', 'X MPLB 2_ULANGAN HARIAN_2526', 'MPLB', 'S1162', 'UH123', 'siswa', 1),
(1163, 'S1163', 'SEVIA SAFITRI', 'X MPLB 2_ULANGAN HARIAN_2526', 'MPLB', 'S1163', 'UH123', 'siswa', 1),
(1164, 'S1164', 'Shella Handini', 'X MPLB 2_ULANGAN HARIAN_2526', 'MPLB', 'S1164', 'UH123', 'siswa', 1),
(1165, 'S1165', 'SHIFA FITRI RAMADHANI', 'X MPLB 2_ULANGAN HARIAN_2526', 'MPLB', 'S1165', 'UH123', 'siswa', 1),
(1166, 'S1166', 'SITI HARDIYATI', 'X MPLB 2_ULANGAN HARIAN_2526', 'MPLB', 'S1166', 'UH123', 'siswa', 1),
(1167, 'S1167', 'SITI NUR AINI JULIA', 'X MPLB 2_ULANGAN HARIAN_2526', 'MPLB', 'S1167', 'UH123', 'siswa', 1),
(1168, 'S1168', 'Vanessa Damayanti', 'X MPLB 2_ULANGAN HARIAN_2526', 'MPLB', 'S1168', 'UH123', 'siswa', 1),
(1169, 'S1169', 'VANNEZIA JAYANTO', 'X MPLB 2_ULANGAN HARIAN_2526', 'MPLB', 'S1169', 'UH123', 'siswa', 1),
(1170, 'S1170', 'Widi Asri Stianingrum', 'X MPLB 2_ULANGAN HARIAN_2526', 'MPLB', 'S1170', 'UH123', 'siswa', 1),
(1171, 'S1171', 'YULIS APRILIA', 'X MPLB 2_ULANGAN HARIAN_2526', 'MPLB', 'S1171', 'UH123', 'siswa', 1),
(1172, 'S1172', 'ZAHRA CARISSA IRAWAN', 'X MPLB 2_ULANGAN HARIAN_2526', 'MPLB', 'S1172', 'UH123', 'siswa', 1),
(1173, 'S1173', 'ZASKIA IRMAULIA', 'X MPLB 2_ULANGAN HARIAN_2526', 'MPLB', 'S1173', 'UH123', 'siswa', 1),
(1174, 'S1174', 'ADITIYA RISKI ANTONI', 'X PM_ULANGAN HARIAN_2526', 'PM', 'S1174', 'UH123', 'siswa', 1),
(1175, 'S1175', 'AL FAIZA RIDHIK FA\'ADILLAH', 'X PM_ULANGAN HARIAN_2526', 'PM', 'S1175', 'UH123', 'siswa', 1),
(1176, 'S1176', 'ALFINO SUHANDI', 'X PM_ULANGAN HARIAN_2526', 'PM', 'S1176', 'UH123', 'siswa', 1),
(1177, 'S1177', 'Dinda Leustari', 'X PM_ULANGAN HARIAN_2526', 'PM', 'S1177', 'UH123', 'siswa', 1),
(1178, 'S1178', 'DWI ADJIE SAPUTRA', 'X PM_ULANGAN HARIAN_2526', 'PM', 'S1178', 'UH123', 'siswa', 1),
(1179, 'S1179', 'ERLAND JAUZA AL YUSRO', 'X PM_ULANGAN HARIAN_2526', 'PM', 'S1179', 'UH123', 'siswa', 1),
(1180, 'S1180', 'FAIS SYAHIDAN', 'X PM_ULANGAN HARIAN_2526', 'PM', 'S1180', 'UH123', 'siswa', 1),
(1181, 'S1181', 'FAJAR DWI SAPUTRA', 'X PM_ULANGAN HARIAN_2526', 'PM', 'S1181', 'UH123', 'siswa', 1),
(1182, 'S1182', 'FAJRI IRDIANSYAH', 'X PM_ULANGAN HARIAN_2526', 'PM', 'S1182', 'UH123', 'siswa', 1),
(1183, 'S1183', 'FATHONI FEBRIANTO', 'X PM_ULANGAN HARIAN_2526', 'PM', 'S1183', 'UH123', 'siswa', 1),
(1184, 'S1184', 'FATIH ALTAF', 'X PM_ULANGAN HARIAN_2526', 'PM', 'S1184', 'UH123', 'siswa', 1),
(1185, 'S1185', 'IKHWAL SAPUTRA', 'X PM_ULANGAN HARIAN_2526', 'PM', 'S1185', 'UH123', 'siswa', 1),
(1186, 'S1186', 'JALALLUDIN AL AFGHANI', 'X PM_ULANGAN HARIAN_2526', 'PM', 'S1186', 'UH123', 'siswa', 1),
(1187, 'S1187', 'KEYSHA ALTHAFUNISA', 'X PM_ULANGAN HARIAN_2526', 'PM', 'S1187', 'UH123', 'siswa', 1),
(1188, 'S1188', 'KEYZA NIRWANDA', 'X PM_ULANGAN HARIAN_2526', 'PM', 'S1188', 'UH123', 'siswa', 1),
(1189, 'S1189', 'LEON ZILKY', 'X PM_ULANGAN HARIAN_2526', 'PM', 'S1189', 'UH123', 'siswa', 1),
(1190, 'S1190', 'MANDA PIRMANSAH', 'X PM_ULANGAN HARIAN_2526', 'PM', 'S1190', 'UH123', 'siswa', 1),
(1191, 'S1191', 'MARCELL', 'X PM_ULANGAN HARIAN_2526', 'PM', 'S1191', 'UH123', 'siswa', 1),
(1192, 'S1192', 'MAULANA ABDY NEGARA', 'X PM_ULANGAN HARIAN_2526', 'PM', 'S1192', 'UH123', 'siswa', 1),
(1193, 'S1193', 'Michel Angelina', 'X PM_ULANGAN HARIAN_2526', 'PM', 'S1193', 'UH123', 'siswa', 1),
(1194, 'S1194', 'Muhamad Ilham', 'X PM_ULANGAN HARIAN_2526', 'PM', 'S1194', 'UH123', 'siswa', 1),
(1195, 'S1195', 'MUHAMAD SUPARNA', 'X PM_ULANGAN HARIAN_2526', 'PM', 'S1195', 'UH123', 'siswa', 1),
(1196, 'S1196', 'NIRMALA DAHAYU HAIBAH VEDA', 'X PM_ULANGAN HARIAN_2526', 'PM', 'S1196', 'UH123', 'siswa', 1),
(1197, 'S1197', 'NOVA DWIYANTI', 'X PM_ULANGAN HARIAN_2526', 'PM', 'S1197', 'UH123', 'siswa', 1),
(1198, 'S1198', 'NOVAL ARMANSYAH', 'X PM_ULANGAN HARIAN_2526', 'PM', 'S1198', 'UH123', 'siswa', 1),
(1199, 'S1199', 'NUR FAUZIAH', 'X PM_ULANGAN HARIAN_2526', 'PM', 'S1199', 'UH123', 'siswa', 1),
(1200, 'S1200', 'RAHMA AULIA', 'X PM_ULANGAN HARIAN_2526', 'PM', 'S1200', 'UH123', 'siswa', 1),
(1201, 'S1201', 'Razqa Ramadhan', 'X PM_ULANGAN HARIAN_2526', 'PM', 'S1201', 'UH123', 'siswa', 1),
(1202, 'S1202', 'RENO PANCA PUTRANTO', 'X PM_ULANGAN HARIAN_2526', 'PM', 'S1202', 'UH123', 'siswa', 1),
(1203, 'S1203', 'REYHAN AL JIKRI', 'X PM_ULANGAN HARIAN_2526', 'PM', 'S1203', 'UH123', 'siswa', 1),
(1204, 'S1204', 'RIVAI ALVARIZKY', 'X PM_ULANGAN HARIAN_2526', 'PM', 'S1204', 'UH123', 'siswa', 1),
(1205, 'S1205', 'RIYAN ALDI', 'X PM_ULANGAN HARIAN_2526', 'PM', 'S1205', 'UH123', 'siswa', 1),
(1206, 'S1206', 'RORO AJENG', 'X PM_ULANGAN HARIAN_2526', 'PM', 'S1206', 'UH123', 'siswa', 1),
(1207, 'S1207', 'SEBASTIAN IKHSAN HARUN', 'X PM_ULANGAN HARIAN_2526', 'PM', 'S1207', 'UH123', 'siswa', 1),
(1208, 'S1208', 'SYLVIANA PUTRI RAMADHANI', 'X PM_ULANGAN HARIAN_2526', 'PM', 'S1208', 'UH123', 'siswa', 1),
(1209, 'S1209', 'TASYA SEPTIANI', 'X PM_ULANGAN HARIAN_2526', 'PM', 'S1209', 'UH123', 'siswa', 1),
(1210, 'S1210', 'VALDO IMMANUEL', 'X PM_ULANGAN HARIAN_2526', 'PM', 'S1210', 'UH123', 'siswa', 1),
(1211, 'S1211', 'VIAN NANDA SAPUTRA', 'X PM_ULANGAN HARIAN_2526', 'PM', 'S1211', 'UH123', 'siswa', 1),
(1212, 'S1212', 'VIZZA JUNIKE ELIZA', 'X PM_ULANGAN HARIAN_2526', 'PM', 'S1212', 'UH123', 'siswa', 1),
(1213, 'S1213', 'ALDIEN ACHMAD KAMALUDIN', 'X TJKT 1_ULANGAN HARIAN_2526', 'TJKT', 'S1213', 'UH123', 'siswa', 1),
(1214, 'S1214', 'Andika Ginaris Saputra', 'X TJKT 1_ULANGAN HARIAN_2526', 'TJKT', 'S1214', 'UH123', 'siswa', 1),
(1215, 'S1215', 'ARIF ADI MAESA PUTRA', 'X TJKT 1_ULANGAN HARIAN_2526', 'TJKT', 'S1215', 'UH123', 'siswa', 1),
(1216, 'S1216', 'ARYO SEPTIAN', 'X TJKT 1_ULANGAN HARIAN_2526', 'TJKT', 'S1216', 'UH123', 'siswa', 1),
(1217, 'S1217', 'BAYU SAPUTRA', 'X TJKT 1_ULANGAN HARIAN_2526', 'TJKT', 'S1217', 'UH123', 'siswa', 1),
(1218, 'S1218', 'BREVILEND VANDERLIP', 'X TJKT 1_ULANGAN HARIAN_2526', 'TJKT', 'S1218', 'UH123', 'siswa', 1),
(1219, 'S1219', 'DAVI ALBANI ALFA REZA', 'X TJKT 1_ULANGAN HARIAN_2526', 'TJKT', 'S1219', 'UH123', 'siswa', 1),
(1220, 'S1220', 'DENIS ADI SAPUTRA', 'X TJKT 1_ULANGAN HARIAN_2526', 'TJKT', 'S1220', 'UH123', 'siswa', 1),
(1221, 'S1221', 'DEO DWI HARDIYANINGTYAS', 'X TJKT 1_ULANGAN HARIAN_2526', 'TJKT', 'S1221', 'UH123', 'siswa', 1),
(1222, 'S1222', 'Faiz Ar-Rahman Qurrata\'ain', 'X TJKT 1_ULANGAN HARIAN_2526', 'TJKT', 'S1222', 'UH123', 'siswa', 1),
(1223, 'S1223', 'FANDY PRATAMA', 'X TJKT 1_ULANGAN HARIAN_2526', 'TJKT', 'S1223', 'UH123', 'siswa', 1),
(1224, 'S1224', 'FARIZ FERDIANSYAH', 'X TJKT 1_ULANGAN HARIAN_2526', 'TJKT', 'S1224', 'UH123', 'siswa', 1),
(1225, 'S1225', 'FEBI ALAHAD', 'X TJKT 1_ULANGAN HARIAN_2526', 'TJKT', 'S1225', 'UH123', 'siswa', 1),
(1226, 'S1226', 'HAFY MAESA SYAKIB', 'X TJKT 1_ULANGAN HARIAN_2526', 'TJKT', 'S1226', 'UH123', 'siswa', 1),
(1227, 'S1227', 'HARLAN FADILLAH', 'X TJKT 1_ULANGAN HARIAN_2526', 'TJKT', 'S1227', 'UH123', 'siswa', 1),
(1228, 'S1228', 'ILHAM BINTANG WIBOWO', 'X TJKT 1_ULANGAN HARIAN_2526', 'TJKT', 'S1228', 'UH123', 'siswa', 1),
(1229, 'S1229', 'JIngga Vita Suhendra', 'X TJKT 1_ULANGAN HARIAN_2526', 'TJKT', 'S1229', 'UH123', 'siswa', 1),
(1230, 'S1230', 'KADEK JIWA SAPUTRA', 'X TJKT 1_ULANGAN HARIAN_2526', 'TJKT', 'S1230', 'UH123', 'siswa', 1),
(1231, 'S1231', 'LIONEL RIFQI CHANDRA', 'X TJKT 1_ULANGAN HARIAN_2526', 'TJKT', 'S1231', 'UH123', 'siswa', 1),
(1232, 'S1232', 'LUCKY PRIYANTO', 'X TJKT 1_ULANGAN HARIAN_2526', 'TJKT', 'S1232', 'UH123', 'siswa', 1),
(1233, 'S1233', 'MAULANA EKA PRATAMA', 'X TJKT 1_ULANGAN HARIAN_2526', 'TJKT', 'S1233', 'UH123', 'siswa', 1),
(1234, 'S1234', 'MUHAMAD ALFARIZZI', 'X TJKT 1_ULANGAN HARIAN_2526', 'TJKT', 'S1234', 'UH123', 'siswa', 1),
(1235, 'S1235', 'MUHAMAD ARYA WIGUNA', 'X TJKT 1_ULANGAN HARIAN_2526', 'TJKT', 'S1235', 'UH123', 'siswa', 1),
(1236, 'S1236', 'MUHAMAD TRI SAEPUDIN', 'X TJKT 1_ULANGAN HARIAN_2526', 'TJKT', 'S1236', 'UH123', 'siswa', 1),
(1237, 'S1237', 'MUHAMMAD ALFIAN', 'X TJKT 1_ULANGAN HARIAN_2526', 'TJKT', 'S1237', 'UH123', 'siswa', 1),
(1238, 'S1238', 'MUHAMMAD FAHRI RAMADHAN', 'X TJKT 1_ULANGAN HARIAN_2526', 'TJKT', 'S1238', 'UH123', 'siswa', 1),
(1239, 'S1239', 'MUHAMMAD IQBAL', 'X TJKT 1_ULANGAN HARIAN_2526', 'TJKT', 'S1239', 'UH123', 'siswa', 1),
(1240, 'S1240', 'MUHAMMAD REYZHA ARRASYID', 'X TJKT 1_ULANGAN HARIAN_2526', 'TJKT', 'S1240', 'UH123', 'siswa', 1),
(1241, 'S1241', 'MUHAMMAD RIZQY FIRMANSAH', 'X TJKT 1_ULANGAN HARIAN_2526', 'TJKT', 'S1241', 'UH123', 'siswa', 1),
(1242, 'S1242', 'NAUFAL GUNAWAN', 'X TJKT 1_ULANGAN HARIAN_2526', 'TJKT', 'S1242', 'UH123', 'siswa', 1),
(1243, 'S1243', 'PANDU MULIA HERDIAN', 'X TJKT 1_ULANGAN HARIAN_2526', 'TJKT', 'S1243', 'UH123', 'siswa', 1),
(1244, 'S1244', 'RADIT ABDULATIP', 'X TJKT 1_ULANGAN HARIAN_2526', 'TJKT', 'S1244', 'UH123', 'siswa', 1),
(1245, 'S1245', 'RASYAH PUTRA RAMADHAN', 'X TJKT 1_ULANGAN HARIAN_2526', 'TJKT', 'S1245', 'UH123', 'siswa', 1),
(1246, 'S1246', 'REVALDO GUNAWAN', 'X TJKT 1_ULANGAN HARIAN_2526', 'TJKT', 'S1246', 'UH123', 'siswa', 1),
(1247, 'S1247', 'RIFKI FIRMANSYAH', 'X TJKT 1_ULANGAN HARIAN_2526', 'TJKT', 'S1247', 'UH123', 'siswa', 1),
(1248, 'S1248', 'RIZKY ADI SAPUTRO', 'X TJKT 1_ULANGAN HARIAN_2526', 'TJKT', 'S1248', 'UH123', 'siswa', 1),
(1249, 'S1249', 'SUKIRAN', 'X TJKT 1_ULANGAN HARIAN_2526', 'TJKT', 'S1249', 'UH123', 'siswa', 1),
(1250, 'S1250', 'TEGAR SAPUTRA', 'X TJKT 1_ULANGAN HARIAN_2526', 'TJKT', 'S1250', 'UH123', 'siswa', 1),
(1251, 'S1251', 'Yopie Eva Nastalia', 'X TJKT 1_ULANGAN HARIAN_2526', 'TJKT', 'S1251', 'UH123', 'siswa', 1),
(1252, 'S1252', 'ZIO VEGAS', 'X TJKT 1_ULANGAN HARIAN_2526', 'TJKT', 'S1252', 'UH123', 'siswa', 1),
(1253, 'S1253', 'AHMAD RHOZAK', 'X TJKT 2_ULANGAN HARIAN_2526', 'TJKT', 'S1253', 'UH123', 'siswa', 1),
(1254, 'S1254', 'AL HABIB HANAFI', 'X TJKT 2_ULANGAN HARIAN_2526', 'TJKT', 'S1254', 'UH123', 'siswa', 1),
(1255, 'S1255', 'ANDHIKA BAGUS HARIADI', 'X TJKT 2_ULANGAN HARIAN_2526', 'TJKT', 'S1255', 'UH123', 'siswa', 1),
(1256, 'S1256', 'Andry Fairuz', 'X TJKT 2_ULANGAN HARIAN_2526', 'TJKT', 'S1256', 'UH123', 'siswa', 1),
(1257, 'S1257', 'ARAFFI PUTRA PRATAMA', 'X TJKT 2_ULANGAN HARIAN_2526', 'TJKT', 'S1257', 'UH123', 'siswa', 1),
(1258, 'S1258', 'ARDAN GAZA AIDIN', 'X TJKT 2_ULANGAN HARIAN_2526', 'TJKT', 'S1258', 'UH123', 'siswa', 1),
(1259, 'S1259', 'ARYA BINADI', 'X TJKT 2_ULANGAN HARIAN_2526', 'TJKT', 'S1259', 'UH123', 'siswa', 1),
(1260, 'S1260', 'BAGAS NUR AFIAN', 'X TJKT 2_ULANGAN HARIAN_2526', 'TJKT', 'S1260', 'UH123', 'siswa', 1),
(1261, 'S1261', 'CHAIRUL DARMAWAN', 'X TJKT 2_ULANGAN HARIAN_2526', 'TJKT', 'S1261', 'UH123', 'siswa', 1),
(1262, 'S1262', 'DAVA SETIAWAN', 'X TJKT 2_ULANGAN HARIAN_2526', 'TJKT', 'S1262', 'UH123', 'siswa', 1),
(1263, 'S1263', 'DHANI LAKSONO', 'X TJKT 2_ULANGAN HARIAN_2526', 'TJKT', 'S1263', 'UH123', 'siswa', 1),
(1264, 'S1264', 'DIMAS WIBIAN WICAKSONO', 'X TJKT 2_ULANGAN HARIAN_2526', 'TJKT', 'S1264', 'UH123', 'siswa', 1),
(1265, 'S1265', 'DYLAND PRIZKI RAMADHAN', 'X TJKT 2_ULANGAN HARIAN_2526', 'TJKT', 'S1265', 'UH123', 'siswa', 1),
(1266, 'S1266', 'FACHRY NAZARI SYAHPUTRA', 'X TJKT 2_ULANGAN HARIAN_2526', 'TJKT', 'S1266', 'UH123', 'siswa', 1),
(1267, 'S1267', 'FAJAR RIZKY SETIAWAN', 'X TJKT 2_ULANGAN HARIAN_2526', 'TJKT', 'S1267', 'UH123', 'siswa', 1),
(1268, 'S1268', 'FAREL AFRIANSYAH', 'X TJKT 2_ULANGAN HARIAN_2526', 'TJKT', 'S1268', 'UH123', 'siswa', 1),
(1269, 'S1269', 'FATUR ARDIANSYAH', 'X TJKT 2_ULANGAN HARIAN_2526', 'TJKT', 'S1269', 'UH123', 'siswa', 1),
(1270, 'S1270', 'HAPID ROJALI', 'X TJKT 2_ULANGAN HARIAN_2526', 'TJKT', 'S1270', 'UH123', 'siswa', 1),
(1271, 'S1271', 'HERLANGGA PRATAMA', 'X TJKT 2_ULANGAN HARIAN_2526', 'TJKT', 'S1271', 'UH123', 'siswa', 1),
(1272, 'S1272', 'LEXZA RAYHAN MAULANA', 'X TJKT 2_ULANGAN HARIAN_2526', 'TJKT', 'S1272', 'UH123', 'siswa', 1),
(1273, 'S1273', 'MUHAMAD FADILLAH', 'X TJKT 2_ULANGAN HARIAN_2526', 'TJKT', 'S1273', 'UH123', 'siswa', 1),
(1274, 'S1274', 'MUHAMAD RIZKY ANDREZA', 'X TJKT 2_ULANGAN HARIAN_2526', 'TJKT', 'S1274', 'UH123', 'siswa', 1),
(1275, 'S1275', 'MUHAMMAD AFZAAL ABDUR RAUF', 'X TJKT 2_ULANGAN HARIAN_2526', 'TJKT', 'S1275', 'UH123', 'siswa', 1),
(1276, 'S1276', 'MUHAMMAD ALFADJAR', 'X TJKT 2_ULANGAN HARIAN_2526', 'TJKT', 'S1276', 'UH123', 'siswa', 1),
(1277, 'S1277', 'MUHAMMAD ARYA SUTA', 'X TJKT 2_ULANGAN HARIAN_2526', 'TJKT', 'S1277', 'UH123', 'siswa', 1),
(1278, 'S1278', 'MUHAMMAD DAFA KHOBIRRUDIN', 'X TJKT 2_ULANGAN HARIAN_2526', 'TJKT', 'S1278', 'UH123', 'siswa', 1),
(1279, 'S1279', 'MUHAMMAD GHIYATS YUDIS PRAKOSO', 'X TJKT 2_ULANGAN HARIAN_2526', 'TJKT', 'S1279', 'UH123', 'siswa', 1),
(1280, 'S1280', 'Muhammad Zaidan Ramadhani', 'X TJKT 2_ULANGAN HARIAN_2526', 'TJKT', 'S1280', 'UH123', 'siswa', 1),
(1281, 'S1281', 'NAUFAL MAULANA SAKTI', 'X TJKT 2_ULANGAN HARIAN_2526', 'TJKT', 'S1281', 'UH123', 'siswa', 1),
(1282, 'S1282', 'RADJA BINTANG', 'X TJKT 2_ULANGAN HARIAN_2526', 'TJKT', 'S1282', 'UH123', 'siswa', 1),
(1283, 'S1283', 'RAFA BENZEMA', 'X TJKT 2_ULANGAN HARIAN_2526', 'TJKT', 'S1283', 'UH123', 'siswa', 1),
(1284, 'S1284', 'REZKY AKBAR', 'X TJKT 2_ULANGAN HARIAN_2526', 'TJKT', 'S1284', 'UH123', 'siswa', 1),
(1285, 'S1285', 'RIALDY FIRMANSYAH', 'X TJKT 2_ULANGAN HARIAN_2526', 'TJKT', 'S1285', 'UH123', 'siswa', 1),
(1286, 'S1286', 'RIZKI RAMDANI SAPUTRA', 'X TJKT 2_ULANGAN HARIAN_2526', 'TJKT', 'S1286', 'UH123', 'siswa', 1),
(1287, 'S1287', 'SAPUTRA RHESTU SINGGIH', 'X TJKT 2_ULANGAN HARIAN_2526', 'TJKT', 'S1287', 'UH123', 'siswa', 1),
(1288, 'S1288', 'SATRIA NUR RIZKI', 'X TJKT 2_ULANGAN HARIAN_2526', 'TJKT', 'S1288', 'UH123', 'siswa', 1),
(1289, 'S1289', 'UWLULL AL BABB', 'X TJKT 2_ULANGAN HARIAN_2526', 'TJKT', 'S1289', 'UH123', 'siswa', 1),
(1290, 'S1290', 'WENDI ALFFIAN', 'X TJKT 2_ULANGAN HARIAN_2526', 'TJKT', 'S1290', 'UH123', 'siswa', 1),
(1291, 'S1291', 'Abyan Faiz Rabbani', 'X TJKT 3_ULANGAN HARIAN_2526', 'TJKT', 'S1291', 'UH123', 'siswa', 1),
(1292, 'S1292', 'ADI FIRANSYAH', 'X TJKT 3_ULANGAN HARIAN_2526', 'TJKT', 'S1292', 'UH123', 'siswa', 1),
(1293, 'S1293', 'AHMAD SUBECHTI', 'X TJKT 3_ULANGAN HARIAN_2526', 'TJKT', 'S1293', 'UH123', 'siswa', 1),
(1294, 'S1294', 'AKBAR FIKRIYANSYAH', 'X TJKT 3_ULANGAN HARIAN_2526', 'TJKT', 'S1294', 'UH123', 'siswa', 1),
(1295, 'S1295', 'ALFIAN', 'X TJKT 3_ULANGAN HARIAN_2526', 'TJKT', 'S1295', 'UH123', 'siswa', 1),
(1296, 'S1296', 'Ardiansyah Dimas Setyono', 'X TJKT 3_ULANGAN HARIAN_2526', 'TJKT', 'S1296', 'UH123', 'siswa', 1),
(1297, 'S1297', 'AZAM FAHREZI', 'X TJKT 3_ULANGAN HARIAN_2526', 'TJKT', 'S1297', 'UH123', 'siswa', 1),
(1298, 'S1298', 'BAGAS PIRMAN SYAH', 'X TJKT 3_ULANGAN HARIAN_2526', 'TJKT', 'S1298', 'UH123', 'siswa', 1),
(1299, 'S1299', 'DEVAN SURYA PRATAMA', 'X TJKT 3_ULANGAN HARIAN_2526', 'TJKT', 'S1299', 'UH123', 'siswa', 1),
(1300, 'S1300', 'DIAS LESMANA', 'X TJKT 3_ULANGAN HARIAN_2526', 'TJKT', 'S1300', 'UH123', 'siswa', 1),
(1301, 'S1301', 'DIMAS ADITYA', 'X TJKT 3_ULANGAN HARIAN_2526', 'TJKT', 'S1301', 'UH123', 'siswa', 1),
(1302, 'S1302', 'FAHRI JAMIL AL MUSTHOFA', 'X TJKT 3_ULANGAN HARIAN_2526', 'TJKT', 'S1302', 'UH123', 'siswa', 1),
(1303, 'S1303', 'FAIZ ERLANGGA', 'X TJKT 3_ULANGAN HARIAN_2526', 'TJKT', 'S1303', 'UH123', 'siswa', 1),
(1304, 'S1304', 'FAJAR SIDDIQ AL-HAQI', 'X TJKT 3_ULANGAN HARIAN_2526', 'TJKT', 'S1304', 'UH123', 'siswa', 1),
(1305, 'S1305', 'FAREL YUFEN HANDIKA', 'X TJKT 3_ULANGAN HARIAN_2526', 'TJKT', 'S1305', 'UH123', 'siswa', 1),
(1306, 'S1306', 'FARRIS NUQ ARYANTO', 'X TJKT 3_ULANGAN HARIAN_2526', 'TJKT', 'S1306', 'UH123', 'siswa', 1),
(1307, 'S1307', 'HIKMAL JALALUDIN', 'X TJKT 3_ULANGAN HARIAN_2526', 'TJKT', 'S1307', 'UH123', 'siswa', 1),
(1308, 'S1308', 'MAIKEL JUMAKILIN', 'X TJKT 3_ULANGAN HARIAN_2526', 'TJKT', 'S1308', 'UH123', 'siswa', 1),
(1309, 'S1309', 'MUCHAMMAD IFAN APRIAN', 'X TJKT 3_ULANGAN HARIAN_2526', 'TJKT', 'S1309', 'UH123', 'siswa', 1),
(1310, 'S1310', 'MUHAMMAD ADLI JUNAIDI', 'X TJKT 3_ULANGAN HARIAN_2526', 'TJKT', 'S1310', 'UH123', 'siswa', 1),
(1311, 'S1311', 'Muhammad Fadli', 'X TJKT 3_ULANGAN HARIAN_2526', 'TJKT', 'S1311', 'UH123', 'siswa', 1),
(1312, 'S1312', 'MUHAMMAD FAHRI', 'X TJKT 3_ULANGAN HARIAN_2526', 'TJKT', 'S1312', 'UH123', 'siswa', 1),
(1313, 'S1313', 'Muhammad Hasbi Khairul Uzza', 'X TJKT 3_ULANGAN HARIAN_2526', 'TJKT', 'S1313', 'UH123', 'siswa', 1),
(1314, 'S1314', 'MUHAMMAD NURULLOH', 'X TJKT 3_ULANGAN HARIAN_2526', 'TJKT', 'S1314', 'UH123', 'siswa', 1),
(1315, 'S1315', 'MUHAMMAD RIZKY SUDRAJAT', 'X TJKT 3_ULANGAN HARIAN_2526', 'TJKT', 'S1315', 'UH123', 'siswa', 1),
(1316, 'S1316', 'MUHAMMAD ZIDAN MUZAKKY', 'X TJKT 3_ULANGAN HARIAN_2526', 'TJKT', 'S1316', 'UH123', 'siswa', 1),
(1317, 'S1317', 'MUKHROFI RIZQI AZIDAN', 'X TJKT 3_ULANGAN HARIAN_2526', 'TJKT', 'S1317', 'UH123', 'siswa', 1),
(1318, 'S1318', 'NAUFAL NAHRUL ILMI', 'X TJKT 3_ULANGAN HARIAN_2526', 'TJKT', 'S1318', 'UH123', 'siswa', 1),
(1319, 'S1319', 'NUR ILHAM RAMADHAN', 'X TJKT 3_ULANGAN HARIAN_2526', 'TJKT', 'S1319', 'UH123', 'siswa', 1),
(1320, 'S1320', 'Putra Patriansyah', 'X TJKT 3_ULANGAN HARIAN_2526', 'TJKT', 'S1320', 'UH123', 'siswa', 1),
(1321, 'S1321', 'RADITYA ARDACANDRA CHRYSNAN', 'X TJKT 3_ULANGAN HARIAN_2526', 'TJKT', 'S1321', 'UH123', 'siswa', 1),
(1322, 'S1322', 'RAHMA DINATA', 'X TJKT 3_ULANGAN HARIAN_2526', 'TJKT', 'S1322', 'UH123', 'siswa', 1),
(1323, 'S1323', 'REZKY QIHAYAT SHAPUTRA', 'X TJKT 3_ULANGAN HARIAN_2526', 'TJKT', 'S1323', 'UH123', 'siswa', 1),
(1324, 'S1324', 'RIZKY SURYA PRANATA', 'X TJKT 3_ULANGAN HARIAN_2526', 'TJKT', 'S1324', 'UH123', 'siswa', 1),
(1325, 'S1325', 'ROY FAJRIANSYAH', 'X TJKT 3_ULANGAN HARIAN_2526', 'TJKT', 'S1325', 'UH123', 'siswa', 1),
(1326, 'S1326', 'SUTAN ALFATIH', 'X TJKT 3_ULANGAN HARIAN_2526', 'TJKT', 'S1326', 'UH123', 'siswa', 1),
(1327, 'S1327', 'WILLIAN CHANDRA', 'X TJKT 3_ULANGAN HARIAN_2526', 'TJKT', 'S1327', 'UH123', 'siswa', 1),
(1328, 'S1328', 'ZAKARIA PUTRA', 'X TJKT 3_ULANGAN HARIAN_2526', 'TJKT', 'S1328', 'UH123', 'siswa', 1),
(1329, 'S1329', 'ABIEM RAJIEB PANGESTU', 'X TJKT 4_ULANGAN HARIAN_2526', 'TJKT', 'S1329', 'UH123', 'siswa', 1),
(1330, 'S1330', 'AGIFA RAKHA FAIRUZ', 'X TJKT 4_ULANGAN HARIAN_2526', 'TJKT', 'S1330', 'UH123', 'siswa', 1),
(1331, 'S1331', 'AHMAD JUANATA RAFIF SYAH', 'X TJKT 4_ULANGAN HARIAN_2526', 'TJKT', 'S1331', 'UH123', 'siswa', 1),
(1332, 'S1332', 'ALFARIZI NURRAHMANSYAH', 'X TJKT 4_ULANGAN HARIAN_2526', 'TJKT', 'S1332', 'UH123', 'siswa', 1),
(1333, 'S1333', 'BAGAS ANUR PARIJI', 'X TJKT 4_ULANGAN HARIAN_2526', 'TJKT', 'S1333', 'UH123', 'siswa', 1),
(1334, 'S1334', 'CHANDRA PERMANA', 'X TJKT 4_ULANGAN HARIAN_2526', 'TJKT', 'S1334', 'UH123', 'siswa', 1),
(1335, 'S1335', 'DHANU MURTADHA', 'X TJKT 4_ULANGAN HARIAN_2526', 'TJKT', 'S1335', 'UH123', 'siswa', 1),
(1336, 'S1336', 'DIMAS PRAMANA PUTRA', 'X TJKT 4_ULANGAN HARIAN_2526', 'TJKT', 'S1336', 'UH123', 'siswa', 1),
(1337, 'S1337', 'EDO', 'X TJKT 4_ULANGAN HARIAN_2526', 'TJKT', 'S1337', 'UH123', 'siswa', 1),
(1338, 'S1338', 'FACHRY FEBRIAN', 'X TJKT 4_ULANGAN HARIAN_2526', 'TJKT', 'S1338', 'UH123', 'siswa', 1),
(1339, 'S1339', 'FAHREZI NURDIANSYAH', 'X TJKT 4_ULANGAN HARIAN_2526', 'TJKT', 'S1339', 'UH123', 'siswa', 1),
(1340, 'S1340', 'FAJAR BIMANTARA', 'X TJKT 4_ULANGAN HARIAN_2526', 'TJKT', 'S1340', 'UH123', 'siswa', 1),
(1341, 'S1341', 'FATHIR SATRIAWAN', 'X TJKT 4_ULANGAN HARIAN_2526', 'TJKT', 'S1341', 'UH123', 'siswa', 1),
(1342, 'S1342', 'FIRLY RADITYA PRATAMA', 'X TJKT 4_ULANGAN HARIAN_2526', 'TJKT', 'S1342', 'UH123', 'siswa', 1),
(1343, 'S1343', 'FIRNANDA ALIF FADHILAH', 'X TJKT 4_ULANGAN HARIAN_2526', 'TJKT', 'S1343', 'UH123', 'siswa', 1),
(1344, 'S1344', 'IRVAN MAULANA', 'X TJKT 4_ULANGAN HARIAN_2526', 'TJKT', 'S1344', 'UH123', 'siswa', 1),
(1345, 'S1345', 'JOHAN AGUNG SAPUTRA', 'X TJKT 4_ULANGAN HARIAN_2526', 'TJKT', 'S1345', 'UH123', 'siswa', 1),
(1346, 'S1346', 'JOVAN ANGGA SAPUTRA', 'X TJKT 4_ULANGAN HARIAN_2526', 'TJKT', 'S1346', 'UH123', 'siswa', 1),
(1347, 'S1347', 'KHOIRUL NUR WAHYUDI', 'X TJKT 4_ULANGAN HARIAN_2526', 'TJKT', 'S1347', 'UH123', 'siswa', 1),
(1348, 'S1348', 'LIVARNO RADITYA AL GAZIA', 'X TJKT 4_ULANGAN HARIAN_2526', 'TJKT', 'S1348', 'UH123', 'siswa', 1),
(1349, 'S1349', 'LUWIS MUKTI ONO', 'X TJKT 4_ULANGAN HARIAN_2526', 'TJKT', 'S1349', 'UH123', 'siswa', 1),
(1350, 'S1350', 'MAHAR IBNU QAYYUM', 'X TJKT 4_ULANGAN HARIAN_2526', 'TJKT', 'S1350', 'UH123', 'siswa', 1),
(1351, 'S1351', 'MOHAMMAD JOVAN AZZRULLAH', 'X TJKT 4_ULANGAN HARIAN_2526', 'TJKT', 'S1351', 'UH123', 'siswa', 1),
(1352, 'S1352', 'MUHAMAD ALIF ARDYANSAH', 'X TJKT 4_ULANGAN HARIAN_2526', 'TJKT', 'S1352', 'UH123', 'siswa', 1),
(1353, 'S1353', 'MUHAMAD RIDHO CAHYADI', 'X TJKT 4_ULANGAN HARIAN_2526', 'TJKT', 'S1353', 'UH123', 'siswa', 1),
(1354, 'S1354', 'MUHAMMAD FARHAN ALFARIZKY', 'X TJKT 4_ULANGAN HARIAN_2526', 'TJKT', 'S1354', 'UH123', 'siswa', 1),
(1355, 'S1355', 'MUHAMMAD NABIL MA\'RUF', 'X TJKT 4_ULANGAN HARIAN_2526', 'TJKT', 'S1355', 'UH123', 'siswa', 1),
(1356, 'S1356', 'Muhammad Rifqi Pratama', 'X TJKT 4_ULANGAN HARIAN_2526', 'TJKT', 'S1356', 'UH123', 'siswa', 1),
(1357, 'S1357', 'MUHAMMAD SURYA', 'X TJKT 4_ULANGAN HARIAN_2526', 'TJKT', 'S1357', 'UH123', 'siswa', 1),
(1358, 'S1358', 'Muhammad Wildan Al Rasyiid', 'X TJKT 4_ULANGAN HARIAN_2526', 'TJKT', 'S1358', 'UH123', 'siswa', 1),
(1359, 'S1359', 'NAUFAL ALDIANSYAH', 'X TJKT 4_ULANGAN HARIAN_2526', 'TJKT', 'S1359', 'UH123', 'siswa', 1),
(1360, 'S1360', 'NOVAL MUR SAPUTRA', 'X TJKT 4_ULANGAN HARIAN_2526', 'TJKT', 'S1360', 'UH123', 'siswa', 1),
(1361, 'S1361', 'PEBRIANO', 'X TJKT 4_ULANGAN HARIAN_2526', 'TJKT', 'S1361', 'UH123', 'siswa', 1),
(1362, 'S1362', 'Putra Pratama Billah', 'X TJKT 4_ULANGAN HARIAN_2526', 'TJKT', 'S1362', 'UH123', 'siswa', 1),
(1363, 'S1363', 'RADIQ RAIA PRATAMA', 'X TJKT 4_ULANGAN HARIAN_2526', 'TJKT', 'S1363', 'UH123', 'siswa', 1),
(1364, 'S1364', 'RAFAEEL PRIYONO', 'X TJKT 4_ULANGAN HARIAN_2526', 'TJKT', 'S1364', 'UH123', 'siswa', 1),
(1365, 'S1365', 'RAFFA FADLI FADILLAH', 'X TJKT 4_ULANGAN HARIAN_2526', 'TJKT', 'S1365', 'UH123', 'siswa', 1),
(1366, 'S1366', 'RAHMAN NUDIN', 'X TJKT 4_ULANGAN HARIAN_2526', 'TJKT', 'S1366', 'UH123', 'siswa', 1),
(1367, 'S1367', 'RIDWAN AL-FARIZ SYAFRUDIN', 'X TJKT 4_ULANGAN HARIAN_2526', 'TJKT', 'S1367', 'UH123', 'siswa', 1),
(1368, 'S1368', 'VIOS ABINSA PRATAMA', 'X TJKT 4_ULANGAN HARIAN_2526', 'TJKT', 'S1368', 'UH123', 'siswa', 1),
(1369, 'S1369', 'WAHYU ARIYANTO', 'X TJKT 4_ULANGAN HARIAN_2526', 'TJKT', 'S1369', 'UH123', 'siswa', 1),
(1370, 'S1370', 'ZAIDAN RIFAI', 'X TJKT 4_ULANGAN HARIAN_2526', 'TJKT', 'S1370', 'UH123', 'siswa', 1),
(1371, 'S1371', 'ALDA YULIANA', 'XI AKL 1_ULANGAN HARIAN_2526', 'AKL', 'S1371', 'UH123', 'siswa', 1),
(1372, 'S1372', 'ALFIAN MAULANA GALIH', 'XI AKL 1_ULANGAN HARIAN_2526', 'AKL', 'S1372', 'UH123', 'siswa', 1),
(1373, 'S1373', 'AYU NUR AZIZAH DARMANSYAH', 'XI AKL 1_ULANGAN HARIAN_2526', 'AKL', 'S1373', 'UH123', 'siswa', 1),
(1374, 'S1374', 'BELLA NOFIANA SAFITRI', 'XI AKL 1_ULANGAN HARIAN_2526', 'AKL', 'S1374', 'UH123', 'siswa', 1),
(1375, 'S1375', 'BINTANG LUTHFI AL ANSHORI', 'XI AKL 1_ULANGAN HARIAN_2526', 'AKL', 'S1375', 'UH123', 'siswa', 1),
(1376, 'S1376', 'CINDY ISMIRANTI', 'XI AKL 1_ULANGAN HARIAN_2526', 'AKL', 'S1376', 'UH123', 'siswa', 1),
(1377, 'S1377', 'DWI SEPTIANI RAMADHANI', 'XI AKL 1_ULANGAN HARIAN_2526', 'AKL', 'S1377', 'UH123', 'siswa', 1),
(1378, 'S1378', 'EGA SAPUTRA', 'XI AKL 1_ULANGAN HARIAN_2526', 'AKL', 'S1378', 'UH123', 'siswa', 1),
(1379, 'S1379', 'HADHI SURYAWIJAYA', 'XI AKL 1_ULANGAN HARIAN_2526', 'AKL', 'S1379', 'UH123', 'siswa', 1),
(1380, 'S1380', 'KHANZA CLAUDYA PURNOMO', 'XI AKL 1_ULANGAN HARIAN_2526', 'AKL', 'S1380', 'UH123', 'siswa', 1),
(1381, 'S1381', 'MOHAMAD GILANG RAMADHAN', 'XI AKL 1_ULANGAN HARIAN_2526', 'AKL', 'S1381', 'UH123', 'siswa', 1),
(1382, 'S1382', 'MUHAMMAD CHAIDAR BULQOINI', 'XI AKL 1_ULANGAN HARIAN_2526', 'AKL', 'S1382', 'UH123', 'siswa', 1),
(1383, 'S1383', 'MUHAMMAD SHODIQ', 'XI AKL 1_ULANGAN HARIAN_2526', 'AKL', 'S1383', 'UH123', 'siswa', 1),
(1384, 'S1384', 'NABIGOH FAIQOH', 'XI AKL 1_ULANGAN HARIAN_2526', 'AKL', 'S1384', 'UH123', 'siswa', 1),
(1385, 'S1385', 'NAYLA LESTARI', 'XI AKL 1_ULANGAN HARIAN_2526', 'AKL', 'S1385', 'UH123', 'siswa', 1),
(1386, 'S1386', 'PAHSA RAMADHANI', 'XI AKL 1_ULANGAN HARIAN_2526', 'AKL', 'S1386', 'UH123', 'siswa', 1),
(1387, 'S1387', 'RAFLI RAHMADANI KURNIAWAN', 'XI AKL 1_ULANGAN HARIAN_2526', 'AKL', 'S1387', 'UH123', 'siswa', 1),
(1388, 'S1388', 'RAIHAN RAFFA HANDOKO', 'XI AKL 1_ULANGAN HARIAN_2526', 'AKL', 'S1388', 'UH123', 'siswa', 1),
(1389, 'S1389', 'RANGGA SATRIO', 'XI AKL 1_ULANGAN HARIAN_2526', 'AKL', 'S1389', 'UH123', 'siswa', 1),
(1390, 'S1390', 'REFITA NUR HAYATI', 'XI AKL 1_ULANGAN HARIAN_2526', 'AKL', 'S1390', 'UH123', 'siswa', 1),
(1391, 'S1391', 'REIHAN RAMADHAN', 'XI AKL 1_ULANGAN HARIAN_2526', 'AKL', 'S1391', 'UH123', 'siswa', 1),
(1392, 'S1392', 'RESTY CAHYANI', 'XI AKL 1_ULANGAN HARIAN_2526', 'AKL', 'S1392', 'UH123', 'siswa', 1),
(1393, 'S1393', 'REVITA RAHMA DINA', 'XI AKL 1_ULANGAN HARIAN_2526', 'AKL', 'S1393', 'UH123', 'siswa', 1),
(1394, 'S1394', 'RHADO WIJAYA SYAMRI', 'XI AKL 1_ULANGAN HARIAN_2526', 'AKL', 'S1394', 'UH123', 'siswa', 1),
(1395, 'S1395', 'Safira Angelia', 'XI AKL 1_ULANGAN HARIAN_2526', 'AKL', 'S1395', 'UH123', 'siswa', 1),
(1396, 'S1396', 'SHERINA SETIAWAN', 'XI AKL 1_ULANGAN HARIAN_2526', 'AKL', 'S1396', 'UH123', 'siswa', 1),
(1397, 'S1397', 'SYIFA AULIA FEBRIANI', 'XI AKL 1_ULANGAN HARIAN_2526', 'AKL', 'S1397', 'UH123', 'siswa', 1),
(1398, 'S1398', 'TIO ADITYA', 'XI AKL 1_ULANGAN HARIAN_2526', 'AKL', 'S1398', 'UH123', 'siswa', 1),
(1399, 'S1399', 'WILDAN RASYIID AKBAR', 'XI AKL 1_ULANGAN HARIAN_2526', 'AKL', 'S1399', 'UH123', 'siswa', 1),
(1400, 'S1400', 'ZIQRONI SUMA\'AT', 'XI AKL 1_ULANGAN HARIAN_2526', 'AKL', 'S1400', 'UH123', 'siswa', 1),
(1401, 'S1401', 'ALDI DARMAWAN', 'XI AKL 2_ULANGAN HARIAN_2526', 'AKL', 'S1401', 'UH123', 'siswa', 1),
(1402, 'S1402', 'ARBA ROHMADHONI', 'XI AKL 2_ULANGAN HARIAN_2526', 'AKL', 'S1402', 'UH123', 'siswa', 1),
(1403, 'S1403', 'ARIF PRIYONO', 'XI AKL 2_ULANGAN HARIAN_2526', 'AKL', 'S1403', 'UH123', 'siswa', 1),
(1404, 'S1404', 'ARRAZY ELJAYYID JIDDAN', 'XI AKL 2_ULANGAN HARIAN_2526', 'AKL', 'S1404', 'UH123', 'siswa', 1),
(1405, 'S1405', 'AURA KARTIKA SARI', 'XI AKL 2_ULANGAN HARIAN_2526', 'AKL', 'S1405', 'UH123', 'siswa', 1),
(1406, 'S1406', 'AZKHA ABDUL GHANIY', 'XI AKL 2_ULANGAN HARIAN_2526', 'AKL', 'S1406', 'UH123', 'siswa', 1),
(1407, 'S1407', 'DEAN ANGGER PANDU KELANA', 'XI AKL 2_ULANGAN HARIAN_2526', 'AKL', 'S1407', 'UH123', 'siswa', 1),
(1408, 'S1408', 'DENIAS LINCOLN SITOHANG', 'XI AKL 2_ULANGAN HARIAN_2526', 'AKL', 'S1408', 'UH123', 'siswa', 1),
(1409, 'S1409', 'DEWI MAHARANI', 'XI AKL 2_ULANGAN HARIAN_2526', 'AKL', 'S1409', 'UH123', 'siswa', 1),
(1410, 'S1410', 'Dinda lutfiyatul fusilla', 'XI AKL 2_ULANGAN HARIAN_2526', 'AKL', 'S1410', 'UH123', 'siswa', 1),
(1411, 'S1411', 'ELI VEBRIANA', 'XI AKL 2_ULANGAN HARIAN_2526', 'AKL', 'S1411', 'UH123', 'siswa', 1),
(1412, 'S1412', 'FAUZIAH ATSAQIF', 'XI AKL 2_ULANGAN HARIAN_2526', 'AKL', 'S1412', 'UH123', 'siswa', 1),
(1413, 'S1413', 'GALBERA ANATASYA', 'XI AKL 2_ULANGAN HARIAN_2526', 'AKL', 'S1413', 'UH123', 'siswa', 1),
(1414, 'S1414', 'KHAIRUL ANAM', 'XI AKL 2_ULANGAN HARIAN_2526', 'AKL', 'S1414', 'UH123', 'siswa', 1),
(1415, 'S1415', 'KIRANA AULIA PUTRI', 'XI AKL 2_ULANGAN HARIAN_2526', 'AKL', 'S1415', 'UH123', 'siswa', 1),
(1416, 'S1416', 'LENI ASHARI', 'XI AKL 2_ULANGAN HARIAN_2526', 'AKL', 'S1416', 'UH123', 'siswa', 1),
(1417, 'S1417', 'MELIYANA', 'XI AKL 2_ULANGAN HARIAN_2526', 'AKL', 'S1417', 'UH123', 'siswa', 1),
(1418, 'S1418', 'MOHAMAD GALANG RAMADHAN', 'XI AKL 2_ULANGAN HARIAN_2526', 'AKL', 'S1418', 'UH123', 'siswa', 1),
(1419, 'S1419', 'MUHAMAD NUR RIZKY RAMADHAN', 'XI AKL 2_ULANGAN HARIAN_2526', 'AKL', 'S1419', 'UH123', 'siswa', 1),
(1420, 'S1420', 'MUHAMAD RAFIK HARIRI', 'XI AKL 2_ULANGAN HARIAN_2526', 'AKL', 'S1420', 'UH123', 'siswa', 1),
(1421, 'S1421', 'MUHAMAD RIFALDI', 'XI AKL 2_ULANGAN HARIAN_2526', 'AKL', 'S1421', 'UH123', 'siswa', 1),
(1422, 'S1422', 'MUHAMMAD RIZKY PRATAMA', 'XI AKL 2_ULANGAN HARIAN_2526', 'AKL', 'S1422', 'UH123', 'siswa', 1),
(1423, 'S1423', 'RAMSYA ILYASSYA', 'XI AKL 2_ULANGAN HARIAN_2526', 'AKL', 'S1423', 'UH123', 'siswa', 1),
(1424, 'S1424', 'RASYA AMANDA MIKE', 'XI AKL 2_ULANGAN HARIAN_2526', 'AKL', 'S1424', 'UH123', 'siswa', 1),
(1425, 'S1425', 'REGINA KHARNESYA', 'XI AKL 2_ULANGAN HARIAN_2526', 'AKL', 'S1425', 'UH123', 'siswa', 1),
(1426, 'S1426', 'REZKY AGHFARIYADI', 'XI AKL 2_ULANGAN HARIAN_2526', 'AKL', 'S1426', 'UH123', 'siswa', 1),
(1427, 'S1427', 'SARAH DIVA WULANNINGSIH', 'XI AKL 2_ULANGAN HARIAN_2526', 'AKL', 'S1427', 'UH123', 'siswa', 1),
(1428, 'S1428', 'SITI MARLINAH', 'XI AKL 2_ULANGAN HARIAN_2526', 'AKL', 'S1428', 'UH123', 'siswa', 1),
(1429, 'S1429', 'TAZUL ARIFIN DJUNAEDI', 'XI AKL 2_ULANGAN HARIAN_2526', 'AKL', 'S1429', 'UH123', 'siswa', 1),
(1430, 'S1430', 'TEGAR PRASETIAWAN', 'XI AKL 2_ULANGAN HARIAN_2526', 'AKL', 'S1430', 'UH123', 'siswa', 1),
(1431, 'S1431', 'ACHYAR MUHAMMAD FACHRI', 'XI DKV_ULANGAN HARIAN_2526', 'DKV', 'S1431', 'UH123', 'siswa', 1),
(1432, 'S1432', 'ADE HAIKAL AKBAR MAULANA', 'XI DKV_ULANGAN HARIAN_2526', 'DKV', 'S1432', 'UH123', 'siswa', 1),
(1433, 'S1433', 'ALFIN NUR PRATAMA', 'XI DKV_ULANGAN HARIAN_2526', 'DKV', 'S1433', 'UH123', 'siswa', 1),
(1434, 'S1434', 'ALVIN ANDREAN', 'XI DKV_ULANGAN HARIAN_2526', 'DKV', 'S1434', 'UH123', 'siswa', 1),
(1435, 'S1435', 'ANDITA SOFIANA PUTRI', 'XI DKV_ULANGAN HARIAN_2526', 'DKV', 'S1435', 'UH123', 'siswa', 1),
(1436, 'S1436', 'APRILLIA PUSPITASARI', 'XI DKV_ULANGAN HARIAN_2526', 'DKV', 'S1436', 'UH123', 'siswa', 1),
(1437, 'S1437', 'AUREL NASYABILA', 'XI DKV_ULANGAN HARIAN_2526', 'DKV', 'S1437', 'UH123', 'siswa', 1),
(1438, 'S1438', 'AZZAHRA DWI AFRIANI', 'XI DKV_ULANGAN HARIAN_2526', 'DKV', 'S1438', 'UH123', 'siswa', 1),
(1439, 'S1439', 'AZZAHRA PUTRI MAHARANI', 'XI DKV_ULANGAN HARIAN_2526', 'DKV', 'S1439', 'UH123', 'siswa', 1),
(1440, 'S1440', 'Clarysta Ayu Dewanti', 'XI DKV_ULANGAN HARIAN_2526', 'DKV', 'S1440', 'UH123', 'siswa', 1),
(1441, 'S1441', 'DEDEH NURCAHYATI', 'XI DKV_ULANGAN HARIAN_2526', 'DKV', 'S1441', 'UH123', 'siswa', 1),
(1442, 'S1442', 'DENIS PRANATA', 'XI DKV_ULANGAN HARIAN_2526', 'DKV', 'S1442', 'UH123', 'siswa', 1),
(1443, 'S1443', 'DINAR WIJAYA', 'XI DKV_ULANGAN HARIAN_2526', 'DKV', 'S1443', 'UH123', 'siswa', 1),
(1444, 'S1444', 'FAIZAH HILWA AWANI', 'XI DKV_ULANGAN HARIAN_2526', 'DKV', 'S1444', 'UH123', 'siswa', 1),
(1445, 'S1445', 'FAJAR ARDIANTO', 'XI DKV_ULANGAN HARIAN_2526', 'DKV', 'S1445', 'UH123', 'siswa', 1),
(1446, 'S1446', 'FAREL PUTRA ARIFIN', 'XI DKV_ULANGAN HARIAN_2526', 'DKV', 'S1446', 'UH123', 'siswa', 1),
(1447, 'S1447', 'IMAN SAPUTRA BUDIMAN', 'XI DKV_ULANGAN HARIAN_2526', 'DKV', 'S1447', 'UH123', 'siswa', 1),
(1448, 'S1448', 'JERYCO AFRIZAL RAMADAN', 'XI DKV_ULANGAN HARIAN_2526', 'DKV', 'S1448', 'UH123', 'siswa', 1),
(1449, 'S1449', 'JESIKA MANOHARA', 'XI DKV_ULANGAN HARIAN_2526', 'DKV', 'S1449', 'UH123', 'siswa', 1),
(1450, 'S1450', 'Joel Sandiago', 'XI DKV_ULANGAN HARIAN_2526', 'DKV', 'S1450', 'UH123', 'siswa', 1),
(1451, 'S1451', 'JOHAN DWI SAPUTRA', 'XI DKV_ULANGAN HARIAN_2526', 'DKV', 'S1451', 'UH123', 'siswa', 1),
(1452, 'S1452', 'LAYSA JEN FATMALA', 'XI DKV_ULANGAN HARIAN_2526', 'DKV', 'S1452', 'UH123', 'siswa', 1),
(1453, 'S1453', 'MARIO', 'XI DKV_ULANGAN HARIAN_2526', 'DKV', 'S1453', 'UH123', 'siswa', 1),
(1454, 'S1454', 'MAULIA', 'XI DKV_ULANGAN HARIAN_2526', 'DKV', 'S1454', 'UH123', 'siswa', 1),
(1455, 'S1455', 'MEDINA NUR AISYAH', 'XI DKV_ULANGAN HARIAN_2526', 'DKV', 'S1455', 'UH123', 'siswa', 1),
(1456, 'S1456', 'MEISHA LUNA A\'ISYAH', 'XI DKV_ULANGAN HARIAN_2526', 'DKV', 'S1456', 'UH123', 'siswa', 1),
(1457, 'S1457', 'MIKALA SAKA PRADITA', 'XI DKV_ULANGAN HARIAN_2526', 'DKV', 'S1457', 'UH123', 'siswa', 1),
(1458, 'S1458', 'MUHAMAD FAUZI MARFEL PUTRA', 'XI DKV_ULANGAN HARIAN_2526', 'DKV', 'S1458', 'UH123', 'siswa', 1),
(1459, 'S1459', 'MUHAMAD RAHEL', 'XI DKV_ULANGAN HARIAN_2526', 'DKV', 'S1459', 'UH123', 'siswa', 1),
(1460, 'S1460', 'MUHAMMAD ARIEL MAULANA', 'XI DKV_ULANGAN HARIAN_2526', 'DKV', 'S1460', 'UH123', 'siswa', 1),
(1461, 'S1461', 'MUHAMMAD FAHREZY', 'XI DKV_ULANGAN HARIAN_2526', 'DKV', 'S1461', 'UH123', 'siswa', 1),
(1462, 'S1462', 'MUHAMMAD RASYA', 'XI DKV_ULANGAN HARIAN_2526', 'DKV', 'S1462', 'UH123', 'siswa', 1),
(1463, 'S1463', 'MURFID HAFIZ APRILIANTO', 'XI DKV_ULANGAN HARIAN_2526', 'DKV', 'S1463', 'UH123', 'siswa', 1),
(1464, 'S1464', 'NAYLA PUTRI CAHYANI', 'XI DKV_ULANGAN HARIAN_2526', 'DKV', 'S1464', 'UH123', 'siswa', 1),
(1465, 'S1465', 'NIZAM AQILANSYAH', 'XI DKV_ULANGAN HARIAN_2526', 'DKV', 'S1465', 'UH123', 'siswa', 1),
(1466, 'S1466', 'PANDU IBNU SAPUTRA', 'XI DKV_ULANGAN HARIAN_2526', 'DKV', 'S1466', 'UH123', 'siswa', 1),
(1467, 'S1467', 'PHILIP TED', 'XI DKV_ULANGAN HARIAN_2526', 'DKV', 'S1467', 'UH123', 'siswa', 1),
(1468, 'S1468', 'RAKHA MUHAMMAD KHAERUL RIZQY', 'XI DKV_ULANGAN HARIAN_2526', 'DKV', 'S1468', 'UH123', 'siswa', 1),
(1469, 'S1469', 'RESSY AULIA', 'XI DKV_ULANGAN HARIAN_2526', 'DKV', 'S1469', 'UH123', 'siswa', 1),
(1470, 'S1470', 'Ridwan Arya Mubarok', 'XI DKV_ULANGAN HARIAN_2526', 'DKV', 'S1470', 'UH123', 'siswa', 1),
(1471, 'S1471', 'RIFQI REIFANSYAH', 'XI DKV_ULANGAN HARIAN_2526', 'DKV', 'S1471', 'UH123', 'siswa', 1),
(1472, 'S1472', 'RISKA CAHAYA RAMADAYANTI', 'XI DKV_ULANGAN HARIAN_2526', 'DKV', 'S1472', 'UH123', 'siswa', 1),
(1473, 'S1473', 'SATRIO PUTRA BAGUS BAHRI RAMADHAN', 'XI DKV_ULANGAN HARIAN_2526', 'DKV', 'S1473', 'UH123', 'siswa', 1),
(1474, 'S1474', 'Shafira Aulia Rachmah', 'XI DKV_ULANGAN HARIAN_2526', 'DKV', 'S1474', 'UH123', 'siswa', 1),
(1475, 'S1475', 'SHAMARA WINDANI ANGGRAINI', 'XI DKV_ULANGAN HARIAN_2526', 'DKV', 'S1475', 'UH123', 'siswa', 1);
INSERT INTO `a_siswa` (`id`, `no_peserta`, `nama_siswa`, `kelas`, `jurusan`, `username`, `password`, `level`, `status`) VALUES
(1476, 'S1476', 'Zahra Eka Pranaya', 'XI DKV_ULANGAN HARIAN_2526', 'DKV', 'S1476', 'UH123', 'siswa', 1),
(1477, 'S1477', 'AFLAH SALSABILA', 'XI MPLB 1_ULANGAN HARIAN_2526', 'MPLB', 'S1477', 'UH123', 'siswa', 1),
(1478, 'S1478', 'ANNISA FITRI RAHMAWATI', 'XI MPLB 1_ULANGAN HARIAN_2526', 'MPLB', 'S1478', 'UH123', 'siswa', 1),
(1479, 'S1479', 'BELA SELVIA', 'XI MPLB 1_ULANGAN HARIAN_2526', 'MPLB', 'S1479', 'UH123', 'siswa', 1),
(1480, 'S1480', 'BRIGITA GRASELA BIKOLO', 'XI MPLB 1_ULANGAN HARIAN_2526', 'MPLB', 'S1480', 'UH123', 'siswa', 1),
(1481, 'S1481', 'BUNGA IKMAH RISALDY', 'XI MPLB 1_ULANGAN HARIAN_2526', 'MPLB', 'S1481', 'UH123', 'siswa', 1),
(1482, 'S1482', 'CAHAYA MAELIA', 'XI MPLB 1_ULANGAN HARIAN_2526', 'MPLB', 'S1482', 'UH123', 'siswa', 1),
(1483, 'S1483', 'Callista Rihanna Putri', 'XI MPLB 1_ULANGAN HARIAN_2526', 'MPLB', 'S1483', 'UH123', 'siswa', 1),
(1484, 'S1484', 'DEA ELFATIYA PUTRI', 'XI MPLB 1_ULANGAN HARIAN_2526', 'MPLB', 'S1484', 'UH123', 'siswa', 1),
(1485, 'S1485', 'DHIVA SABRINA', 'XI MPLB 1_ULANGAN HARIAN_2526', 'MPLB', 'S1485', 'UH123', 'siswa', 1),
(1486, 'S1486', 'EKA ASILA PUTRI', 'XI MPLB 1_ULANGAN HARIAN_2526', 'MPLB', 'S1486', 'UH123', 'siswa', 1),
(1487, 'S1487', 'ILANA ARDITHA PUTRI', 'XI MPLB 1_ULANGAN HARIAN_2526', 'MPLB', 'S1487', 'UH123', 'siswa', 1),
(1488, 'S1488', 'Jesicca Margaret', 'XI MPLB 1_ULANGAN HARIAN_2526', 'MPLB', 'S1488', 'UH123', 'siswa', 1),
(1489, 'S1489', 'KIRANA GHEA PERMATA', 'XI MPLB 1_ULANGAN HARIAN_2526', 'MPLB', 'S1489', 'UH123', 'siswa', 1),
(1490, 'S1490', 'LINDA LESTARI', 'XI MPLB 1_ULANGAN HARIAN_2526', 'MPLB', 'S1490', 'UH123', 'siswa', 1),
(1491, 'S1491', 'LUTFIANA AYU SAFITRI', 'XI MPLB 1_ULANGAN HARIAN_2526', 'MPLB', 'S1491', 'UH123', 'siswa', 1),
(1492, 'S1492', 'Marsela Abela', 'XI MPLB 1_ULANGAN HARIAN_2526', 'MPLB', 'S1492', 'UH123', 'siswa', 1),
(1493, 'S1493', 'MAY FADILAH SHOLIKHIN PRATAMA', 'XI MPLB 1_ULANGAN HARIAN_2526', 'MPLB', 'S1493', 'UH123', 'siswa', 1),
(1494, 'S1494', 'NABILAH ZAHIRAH', 'XI MPLB 1_ULANGAN HARIAN_2526', 'MPLB', 'S1494', 'UH123', 'siswa', 1),
(1495, 'S1495', 'NADINDA AISYAH RAMADANI', 'XI MPLB 1_ULANGAN HARIAN_2526', 'MPLB', 'S1495', 'UH123', 'siswa', 1),
(1496, 'S1496', 'NADZIVA TYAS RAMADHANI', 'XI MPLB 1_ULANGAN HARIAN_2526', 'MPLB', 'S1496', 'UH123', 'siswa', 1),
(1497, 'S1497', 'NATASYA HOPFULIA', 'XI MPLB 1_ULANGAN HARIAN_2526', 'MPLB', 'S1497', 'UH123', 'siswa', 1),
(1498, 'S1498', 'NOVA ADINDA PUTRI', 'XI MPLB 1_ULANGAN HARIAN_2526', 'MPLB', 'S1498', 'UH123', 'siswa', 1),
(1499, 'S1499', 'PUPUT NILAM SARI', 'XI MPLB 1_ULANGAN HARIAN_2526', 'MPLB', 'S1499', 'UH123', 'siswa', 1),
(1500, 'S1500', 'QASYFIL RANIA SYAMSI', 'XI MPLB 1_ULANGAN HARIAN_2526', 'MPLB', 'S1500', 'UH123', 'siswa', 1),
(1501, 'S1501', 'Rabila Tuzzaqiyah', 'XI MPLB 1_ULANGAN HARIAN_2526', 'MPLB', 'S1501', 'UH123', 'siswa', 1),
(1502, 'S1502', 'RENY WINSA PUTRI', 'XI MPLB 1_ULANGAN HARIAN_2526', 'MPLB', 'S1502', 'UH123', 'siswa', 1),
(1503, 'S1503', 'REVA SESI PUTRI APRILIA', 'XI MPLB 1_ULANGAN HARIAN_2526', 'MPLB', 'S1503', 'UH123', 'siswa', 1),
(1504, 'S1504', 'RIFA FAUZIYAH', 'XI MPLB 1_ULANGAN HARIAN_2526', 'MPLB', 'S1504', 'UH123', 'siswa', 1),
(1505, 'S1505', 'SETYANA AULYA', 'XI MPLB 1_ULANGAN HARIAN_2526', 'MPLB', 'S1505', 'UH123', 'siswa', 1),
(1506, 'S1506', 'SHINTA LESTARI', 'XI MPLB 1_ULANGAN HARIAN_2526', 'MPLB', 'S1506', 'UH123', 'siswa', 1),
(1507, 'S1507', 'Silvana', 'XI MPLB 1_ULANGAN HARIAN_2526', 'MPLB', 'S1507', 'UH123', 'siswa', 1),
(1508, 'S1508', 'SINTHA APRILLIANINGSIH', 'XI MPLB 1_ULANGAN HARIAN_2526', 'MPLB', 'S1508', 'UH123', 'siswa', 1),
(1509, 'S1509', 'SUCI FITRIANI', 'XI MPLB 1_ULANGAN HARIAN_2526', 'MPLB', 'S1509', 'UH123', 'siswa', 1),
(1510, 'S1510', 'Syahana Al Malaika', 'XI MPLB 1_ULANGAN HARIAN_2526', 'MPLB', 'S1510', 'UH123', 'siswa', 1),
(1511, 'S1511', 'SYIFA ASZUHAFA', 'XI MPLB 1_ULANGAN HARIAN_2526', 'MPLB', 'S1511', 'UH123', 'siswa', 1),
(1512, 'S1512', 'TALTHA KALILA HIDAYAT', 'XI MPLB 1_ULANGAN HARIAN_2526', 'MPLB', 'S1512', 'UH123', 'siswa', 1),
(1513, 'S1513', 'TANIA DWI CAHYA', 'XI MPLB 1_ULANGAN HARIAN_2526', 'MPLB', 'S1513', 'UH123', 'siswa', 1),
(1514, 'S1514', 'VERLITA NATANNIA', 'XI MPLB 1_ULANGAN HARIAN_2526', 'MPLB', 'S1514', 'UH123', 'siswa', 1),
(1515, 'S1515', 'VINAYA ADILLA', 'XI MPLB 1_ULANGAN HARIAN_2526', 'MPLB', 'S1515', 'UH123', 'siswa', 1),
(1516, 'S1516', 'ZAHRA DWI PUSPITA SARI', 'XI MPLB 1_ULANGAN HARIAN_2526', 'MPLB', 'S1516', 'UH123', 'siswa', 1),
(1517, 'S1517', 'AMELIA AGUSTIN', 'XI MPLB 2_ULANGAN HARIAN_2526', 'MPLB', 'S1517', 'UH123', 'siswa', 1),
(1518, 'S1518', 'ANDINA PUTRI AQILLAH', 'XI MPLB 2_ULANGAN HARIAN_2526', 'MPLB', 'S1518', 'UH123', 'siswa', 1),
(1519, 'S1519', 'ANGGI ANGRAINI', 'XI MPLB 2_ULANGAN HARIAN_2526', 'MPLB', 'S1519', 'UH123', 'siswa', 1),
(1520, 'S1520', 'ANGGRAENI INDAH PERTIWI', 'XI MPLB 2_ULANGAN HARIAN_2526', 'MPLB', 'S1520', 'UH123', 'siswa', 1),
(1521, 'S1521', 'ANNE ANGGRAINI', 'XI MPLB 2_ULANGAN HARIAN_2526', 'MPLB', 'S1521', 'UH123', 'siswa', 1),
(1522, 'S1522', 'AQILA AINIA FAHRANI', 'XI MPLB 2_ULANGAN HARIAN_2526', 'MPLB', 'S1522', 'UH123', 'siswa', 1),
(1523, 'S1523', 'BELAWULAN DITA', 'XI MPLB 2_ULANGAN HARIAN_2526', 'MPLB', 'S1523', 'UH123', 'siswa', 1),
(1524, 'S1524', 'BUNGA ANDIRA', 'XI MPLB 2_ULANGAN HARIAN_2526', 'MPLB', 'S1524', 'UH123', 'siswa', 1),
(1525, 'S1525', 'citra puspita harti', 'XI MPLB 2_ULANGAN HARIAN_2526', 'MPLB', 'S1525', 'UH123', 'siswa', 1),
(1526, 'S1526', 'DENA OLIVIA', 'XI MPLB 2_ULANGAN HARIAN_2526', 'MPLB', 'S1526', 'UH123', 'siswa', 1),
(1527, 'S1527', 'DESSY KARLINA', 'XI MPLB 2_ULANGAN HARIAN_2526', 'MPLB', 'S1527', 'UH123', 'siswa', 1),
(1528, 'S1528', 'DIAN ANJANI', 'XI MPLB 2_ULANGAN HARIAN_2526', 'MPLB', 'S1528', 'UH123', 'siswa', 1),
(1529, 'S1529', 'DINAR MUBAROKAH', 'XI MPLB 2_ULANGAN HARIAN_2526', 'MPLB', 'S1529', 'UH123', 'siswa', 1),
(1530, 'S1530', 'ESTIANA FARRAS ANDINI', 'XI MPLB 2_ULANGAN HARIAN_2526', 'MPLB', 'S1530', 'UH123', 'siswa', 1),
(1531, 'S1531', 'FITRI GENIS AULIA', 'XI MPLB 2_ULANGAN HARIAN_2526', 'MPLB', 'S1531', 'UH123', 'siswa', 1),
(1532, 'S1532', 'FITRI OKTAVIANI', 'XI MPLB 2_ULANGAN HARIAN_2526', 'MPLB', 'S1532', 'UH123', 'siswa', 1),
(1533, 'S1533', 'JAHRA AULIA', 'XI MPLB 2_ULANGAN HARIAN_2526', 'MPLB', 'S1533', 'UH123', 'siswa', 1),
(1534, 'S1534', 'KAYLA CAHYA DWI PUTRI SETYANI', 'XI MPLB 2_ULANGAN HARIAN_2526', 'MPLB', 'S1534', 'UH123', 'siswa', 1),
(1535, 'S1535', 'KIRANA APRILIA SHAFITRI', 'XI MPLB 2_ULANGAN HARIAN_2526', 'MPLB', 'S1535', 'UH123', 'siswa', 1),
(1536, 'S1536', 'LUNAFIKA HARIYANTI', 'XI MPLB 2_ULANGAN HARIAN_2526', 'MPLB', 'S1536', 'UH123', 'siswa', 1),
(1537, 'S1537', 'MARSYA PUTRI IRAWAN', 'XI MPLB 2_ULANGAN HARIAN_2526', 'MPLB', 'S1537', 'UH123', 'siswa', 1),
(1538, 'S1538', 'MAULANY CAHYA PERMATA DEWI', 'XI MPLB 2_ULANGAN HARIAN_2526', 'MPLB', 'S1538', 'UH123', 'siswa', 1),
(1539, 'S1539', 'NASYA HAELUSI', 'XI MPLB 2_ULANGAN HARIAN_2526', 'MPLB', 'S1539', 'UH123', 'siswa', 1),
(1540, 'S1540', 'NAYYARA RAMADHANTY SETIAWAN', 'XI MPLB 2_ULANGAN HARIAN_2526', 'MPLB', 'S1540', 'UH123', 'siswa', 1),
(1541, 'S1541', 'NELY SAFITRI', 'XI MPLB 2_ULANGAN HARIAN_2526', 'MPLB', 'S1541', 'UH123', 'siswa', 1),
(1542, 'S1542', 'Novel Allilah', 'XI MPLB 2_ULANGAN HARIAN_2526', 'MPLB', 'S1542', 'UH123', 'siswa', 1),
(1543, 'S1543', 'NUR AZIZAH', 'XI MPLB 2_ULANGAN HARIAN_2526', 'MPLB', 'S1543', 'UH123', 'siswa', 1),
(1544, 'S1544', 'RAHMAWATI', 'XI MPLB 2_ULANGAN HARIAN_2526', 'MPLB', 'S1544', 'UH123', 'siswa', 1),
(1545, 'S1545', 'RIFFA RAMADHANI ANWAR', 'XI MPLB 2_ULANGAN HARIAN_2526', 'MPLB', 'S1545', 'UH123', 'siswa', 1),
(1546, 'S1546', 'SELFY DESWYTA HAFIZHAH', 'XI MPLB 2_ULANGAN HARIAN_2526', 'MPLB', 'S1546', 'UH123', 'siswa', 1),
(1547, 'S1547', 'SINTA AULIA WAHYUDI', 'XI MPLB 2_ULANGAN HARIAN_2526', 'MPLB', 'S1547', 'UH123', 'siswa', 1),
(1548, 'S1548', 'Siti Marsela', 'XI MPLB 2_ULANGAN HARIAN_2526', 'MPLB', 'S1548', 'UH123', 'siswa', 1),
(1549, 'S1549', 'SUCI RHAMADHINI', 'XI MPLB 2_ULANGAN HARIAN_2526', 'MPLB', 'S1549', 'UH123', 'siswa', 1),
(1550, 'S1550', 'SYINTIA MAULIDA PUTRI', 'XI MPLB 2_ULANGAN HARIAN_2526', 'MPLB', 'S1550', 'UH123', 'siswa', 1),
(1551, 'S1551', 'SYLVANA ANASTASIA', 'XI MPLB 2_ULANGAN HARIAN_2526', 'MPLB', 'S1551', 'UH123', 'siswa', 1),
(1552, 'S1552', 'Tara Fuji Ramadani', 'XI MPLB 2_ULANGAN HARIAN_2526', 'MPLB', 'S1552', 'UH123', 'siswa', 1),
(1553, 'S1553', 'THESYA LIDIA CHANDRA', 'XI MPLB 2_ULANGAN HARIAN_2526', 'MPLB', 'S1553', 'UH123', 'siswa', 1),
(1554, 'S1554', 'VIKA PUSPITA SARI', 'XI MPLB 2_ULANGAN HARIAN_2526', 'MPLB', 'S1554', 'UH123', 'siswa', 1),
(1555, 'S1555', 'ZAHRA AULIA', 'XI MPLB 2_ULANGAN HARIAN_2526', 'MPLB', 'S1555', 'UH123', 'siswa', 1),
(1556, 'S1556', 'Ajeng Okti Nur Sopiani', 'XI PM_ULANGAN HARIAN_2526', 'PM', 'S1556', 'UH123', 'siswa', 1),
(1557, 'S1557', 'ANGGA ADRIANSYAH', 'XI PM_ULANGAN HARIAN_2526', 'PM', 'S1557', 'UH123', 'siswa', 1),
(1558, 'S1558', 'ASANDI HERIYAWAN', 'XI PM_ULANGAN HARIAN_2526', 'PM', 'S1558', 'UH123', 'siswa', 1),
(1559, 'S1559', 'CHARLIEANSYAH', 'XI PM_ULANGAN HARIAN_2526', 'PM', 'S1559', 'UH123', 'siswa', 1),
(1560, 'S1560', 'DHIMAS TIAR EFENDI', 'XI PM_ULANGAN HARIAN_2526', 'PM', 'S1560', 'UH123', 'siswa', 1),
(1561, 'S1561', 'FADIYAH NIDA NAIFAH', 'XI PM_ULANGAN HARIAN_2526', 'PM', 'S1561', 'UH123', 'siswa', 1),
(1562, 'S1562', 'FADLI BAHARUDDIN MAHBUB', 'XI PM_ULANGAN HARIAN_2526', 'PM', 'S1562', 'UH123', 'siswa', 1),
(1563, 'S1563', 'FANI RAHMA SARI', 'XI PM_ULANGAN HARIAN_2526', 'PM', 'S1563', 'UH123', 'siswa', 1),
(1564, 'S1564', 'FRIKA SEPTIANA', 'XI PM_ULANGAN HARIAN_2526', 'PM', 'S1564', 'UH123', 'siswa', 1),
(1565, 'S1565', 'GADIS PERMATA SARI', 'XI PM_ULANGAN HARIAN_2526', 'PM', 'S1565', 'UH123', 'siswa', 1),
(1566, 'S1566', 'HAFIZ FATHONI', 'XI PM_ULANGAN HARIAN_2526', 'PM', 'S1566', 'UH123', 'siswa', 1),
(1567, 'S1567', 'IRSYAD AL FATIR', 'XI PM_ULANGAN HARIAN_2526', 'PM', 'S1567', 'UH123', 'siswa', 1),
(1568, 'S1568', 'KAFKA SATRIA PRAJA', 'XI PM_ULANGAN HARIAN_2526', 'PM', 'S1568', 'UH123', 'siswa', 1),
(1569, 'S1569', 'KIMI DINO PATTY', 'XI PM_ULANGAN HARIAN_2526', 'PM', 'S1569', 'UH123', 'siswa', 1),
(1570, 'S1570', 'MARRTIN SETIAWAN', 'XI PM_ULANGAN HARIAN_2526', 'PM', 'S1570', 'UH123', 'siswa', 1),
(1571, 'S1571', 'MELATI', 'XI PM_ULANGAN HARIAN_2526', 'PM', 'S1571', 'UH123', 'siswa', 1),
(1572, 'S1572', 'MELLY SAPUTRI', 'XI PM_ULANGAN HARIAN_2526', 'PM', 'S1572', 'UH123', 'siswa', 1),
(1573, 'S1573', 'MOCHAMMAD ARIANSYAH BACHTIAR', 'XI PM_ULANGAN HARIAN_2526', 'PM', 'S1573', 'UH123', 'siswa', 1),
(1574, 'S1574', 'MOHAMMAD BAGUS KURNIAWAN', 'XI PM_ULANGAN HARIAN_2526', 'PM', 'S1574', 'UH123', 'siswa', 1),
(1575, 'S1575', 'MUHAMAD ANDIKA PRATAMA', 'XI PM_ULANGAN HARIAN_2526', 'PM', 'S1575', 'UH123', 'siswa', 1),
(1576, 'S1576', 'MUHAMMAD RAFAEL OBAMA', 'XI PM_ULANGAN HARIAN_2526', 'PM', 'S1576', 'UH123', 'siswa', 1),
(1577, 'S1577', 'MUHAMMAD RAIHAN FADLIL', 'XI PM_ULANGAN HARIAN_2526', 'PM', 'S1577', 'UH123', 'siswa', 1),
(1578, 'S1578', 'MUHAMMAD SYAH ROVI SUDARMAJI', 'XI PM_ULANGAN HARIAN_2526', 'PM', 'S1578', 'UH123', 'siswa', 1),
(1579, 'S1579', 'NAILA AMIRA AGUSTIN', 'XI PM_ULANGAN HARIAN_2526', 'PM', 'S1579', 'UH123', 'siswa', 1),
(1580, 'S1580', 'RESTU PRABAGAS', 'XI PM_ULANGAN HARIAN_2526', 'PM', 'S1580', 'UH123', 'siswa', 1),
(1581, 'S1581', 'RIFKI WAHYU SETIAWAN', 'XI PM_ULANGAN HARIAN_2526', 'PM', 'S1581', 'UH123', 'siswa', 1),
(1582, 'S1582', 'RIKO ULIL ABROR AL FATHONI', 'XI PM_ULANGAN HARIAN_2526', 'PM', 'S1582', 'UH123', 'siswa', 1),
(1583, 'S1583', 'Rizcy Febryan Valenhaz Panjaitan', 'XI PM_ULANGAN HARIAN_2526', 'PM', 'S1583', 'UH123', 'siswa', 1),
(1584, 'S1584', 'RIZKIANO RONALDO', 'XI PM_ULANGAN HARIAN_2526', 'PM', 'S1584', 'UH123', 'siswa', 1),
(1585, 'S1585', 'SAFARAS AUFA AZALIA', 'XI PM_ULANGAN HARIAN_2526', 'PM', 'S1585', 'UH123', 'siswa', 1),
(1586, 'S1586', 'SAHRUL GUNAWAN', 'XI PM_ULANGAN HARIAN_2526', 'PM', 'S1586', 'UH123', 'siswa', 1),
(1587, 'S1587', 'SANDY SETIAWAN', 'XI PM_ULANGAN HARIAN_2526', 'PM', 'S1587', 'UH123', 'siswa', 1),
(1588, 'S1588', 'SEPTIAN DWI CAHAYA RAMADHAN', 'XI PM_ULANGAN HARIAN_2526', 'PM', 'S1588', 'UH123', 'siswa', 1),
(1589, 'S1589', 'SHAPY ALANSYACH', 'XI PM_ULANGAN HARIAN_2526', 'PM', 'S1589', 'UH123', 'siswa', 1),
(1590, 'S1590', 'SIVA ELVIAN JULIANTI', 'XI PM_ULANGAN HARIAN_2526', 'PM', 'S1590', 'UH123', 'siswa', 1),
(1591, 'S1591', 'TRI WINANTO', 'XI PM_ULANGAN HARIAN_2526', 'PM', 'S1591', 'UH123', 'siswa', 1),
(1592, 'S1592', 'VIVI WULANDARI', 'XI PM_ULANGAN HARIAN_2526', 'PM', 'S1592', 'UH123', 'siswa', 1),
(1593, 'S1593', 'WAHYU WIDODO', 'XI PM_ULANGAN HARIAN_2526', 'PM', 'S1593', 'UH123', 'siswa', 1),
(1594, 'S1594', 'YENNI ANGGRAENI', 'XI PM_ULANGAN HARIAN_2526', 'PM', 'S1594', 'UH123', 'siswa', 1),
(1595, 'S1595', 'YUDHA HERLAMBANG', 'XI PM_ULANGAN HARIAN_2526', 'PM', 'S1595', 'UH123', 'siswa', 1),
(1596, 'S1596', 'YULIZAH MAURA', 'XI PM_ULANGAN HARIAN_2526', 'PM', 'S1596', 'UH123', 'siswa', 1),
(1597, 'S1597', 'ADITYA FEBLISWANTO', 'XI TJKT 1_ULANGAN HARIAN_2526', 'TJKT', 'S1597', 'UH123', 'siswa', 1),
(1598, 'S1598', 'ALFATH YASSIN SAPUTRA', 'XI TJKT 1_ULANGAN HARIAN_2526', 'TJKT', 'S1598', 'UH123', 'siswa', 1),
(1599, 'S1599', 'ALFINSA HAIDAR KAFI', 'XI TJKT 1_ULANGAN HARIAN_2526', 'TJKT', 'S1599', 'UH123', 'siswa', 1),
(1600, 'S1600', 'ANGGA BARAKA PRATAMA', 'XI TJKT 1_ULANGAN HARIAN_2526', 'TJKT', 'S1600', 'UH123', 'siswa', 1),
(1601, 'S1601', 'ARIF MULIAWAN', 'XI TJKT 1_ULANGAN HARIAN_2526', 'TJKT', 'S1601', 'UH123', 'siswa', 1),
(1602, 'S1602', 'ATSAUBAN RABANI', 'XI TJKT 1_ULANGAN HARIAN_2526', 'TJKT', 'S1602', 'UH123', 'siswa', 1),
(1603, 'S1603', 'BERLIN HERIAWAN', 'XI TJKT 1_ULANGAN HARIAN_2526', 'TJKT', 'S1603', 'UH123', 'siswa', 1),
(1604, 'S1604', 'CHRISTOFER LIMUDIN', 'XI TJKT 1_ULANGAN HARIAN_2526', 'TJKT', 'S1604', 'UH123', 'siswa', 1),
(1605, 'S1605', 'DAFFA ARKANANTA RIVANO', 'XI TJKT 1_ULANGAN HARIAN_2526', 'TJKT', 'S1605', 'UH123', 'siswa', 1),
(1606, 'S1606', 'Dava Ibrahimovic', 'XI TJKT 1_ULANGAN HARIAN_2526', 'TJKT', 'S1606', 'UH123', 'siswa', 1),
(1607, 'S1607', 'DIMAS RAMADHAN', 'XI TJKT 1_ULANGAN HARIAN_2526', 'TJKT', 'S1607', 'UH123', 'siswa', 1),
(1608, 'S1608', 'FAHRI PRASETYO', 'XI TJKT 1_ULANGAN HARIAN_2526', 'TJKT', 'S1608', 'UH123', 'siswa', 1),
(1609, 'S1609', 'FAJAR GALIH PERMANA', 'XI TJKT 1_ULANGAN HARIAN_2526', 'TJKT', 'S1609', 'UH123', 'siswa', 1),
(1610, 'S1610', 'FEBRI APRIYANTO', 'XI TJKT 1_ULANGAN HARIAN_2526', 'TJKT', 'S1610', 'UH123', 'siswa', 1),
(1611, 'S1611', 'GABRIL AHMAD EL RASYID', 'XI TJKT 1_ULANGAN HARIAN_2526', 'TJKT', 'S1611', 'UH123', 'siswa', 1),
(1612, 'S1612', 'HAFIDZ TYO NUGROHO', 'XI TJKT 1_ULANGAN HARIAN_2526', 'TJKT', 'S1612', 'UH123', 'siswa', 1),
(1613, 'S1613', 'ISHAK MARSELINO BAUN', 'XI TJKT 1_ULANGAN HARIAN_2526', 'TJKT', 'S1613', 'UH123', 'siswa', 1),
(1614, 'S1614', 'KAUTSAR ILHAM RIADI', 'XI TJKT 1_ULANGAN HARIAN_2526', 'TJKT', 'S1614', 'UH123', 'siswa', 1),
(1615, 'S1615', 'KURNIAWAN RIZKY SAHROJI', 'XI TJKT 1_ULANGAN HARIAN_2526', 'TJKT', 'S1615', 'UH123', 'siswa', 1),
(1616, 'S1616', 'M. RIONALDI PUTRA PRATAMA', 'XI TJKT 1_ULANGAN HARIAN_2526', 'TJKT', 'S1616', 'UH123', 'siswa', 1),
(1617, 'S1617', 'Michael Tulus Artanto Pangaribuan', 'XI TJKT 1_ULANGAN HARIAN_2526', 'TJKT', 'S1617', 'UH123', 'siswa', 1),
(1618, 'S1618', 'MOHAMAD ALI REZA MARPAUNG', 'XI TJKT 1_ULANGAN HARIAN_2526', 'TJKT', 'S1618', 'UH123', 'siswa', 1),
(1619, 'S1619', 'MUHAMAD ALGI FAHRI', 'XI TJKT 1_ULANGAN HARIAN_2526', 'TJKT', 'S1619', 'UH123', 'siswa', 1),
(1620, 'S1620', 'MUHAMAD FATUR ROHMAN', 'XI TJKT 1_ULANGAN HARIAN_2526', 'TJKT', 'S1620', 'UH123', 'siswa', 1),
(1621, 'S1621', 'MUHAMAD RAFFI PRATAMA', 'XI TJKT 1_ULANGAN HARIAN_2526', 'TJKT', 'S1621', 'UH123', 'siswa', 1),
(1622, 'S1622', 'NANDI RISMAN MAULANA', 'XI TJKT 1_ULANGAN HARIAN_2526', 'TJKT', 'S1622', 'UH123', 'siswa', 1),
(1623, 'S1623', 'NAUFAL NAJMI NASRULLAH', 'XI TJKT 1_ULANGAN HARIAN_2526', 'TJKT', 'S1623', 'UH123', 'siswa', 1),
(1624, 'S1624', 'NIELSON VINELIUS', 'XI TJKT 1_ULANGAN HARIAN_2526', 'TJKT', 'S1624', 'UH123', 'siswa', 1),
(1625, 'S1625', 'PUTRA AISKA IBRAHIM', 'XI TJKT 1_ULANGAN HARIAN_2526', 'TJKT', 'S1625', 'UH123', 'siswa', 1),
(1626, 'S1626', 'RAEHAN PUTRA ARDYANSYAH', 'XI TJKT 1_ULANGAN HARIAN_2526', 'TJKT', 'S1626', 'UH123', 'siswa', 1),
(1627, 'S1627', 'RANDI PRATAMA', 'XI TJKT 1_ULANGAN HARIAN_2526', 'TJKT', 'S1627', 'UH123', 'siswa', 1),
(1628, 'S1628', 'RAYHAN TRIKRISTIANTO', 'XI TJKT 1_ULANGAN HARIAN_2526', 'TJKT', 'S1628', 'UH123', 'siswa', 1),
(1629, 'S1629', 'RIHDZA ARFARIDZI', 'XI TJKT 1_ULANGAN HARIAN_2526', 'TJKT', 'S1629', 'UH123', 'siswa', 1),
(1630, 'S1630', 'RIO ANGGARA', 'XI TJKT 1_ULANGAN HARIAN_2526', 'TJKT', 'S1630', 'UH123', 'siswa', 1),
(1631, 'S1631', 'RIZKI SAPUTRA', 'XI TJKT 1_ULANGAN HARIAN_2526', 'TJKT', 'S1631', 'UH123', 'siswa', 1),
(1632, 'S1632', 'Sakira Rafa Lutfhiana', 'XI TJKT 1_ULANGAN HARIAN_2526', 'TJKT', 'S1632', 'UH123', 'siswa', 1),
(1633, 'S1633', 'SEPTIAN RAHMADANI', 'XI TJKT 1_ULANGAN HARIAN_2526', 'TJKT', 'S1633', 'UH123', 'siswa', 1),
(1634, 'S1634', 'SISWAN REGIANTAMA', 'XI TJKT 1_ULANGAN HARIAN_2526', 'TJKT', 'S1634', 'UH123', 'siswa', 1),
(1635, 'S1635', 'STEVEN IRFAN ROMMADHONI', 'XI TJKT 1_ULANGAN HARIAN_2526', 'TJKT', 'S1635', 'UH123', 'siswa', 1),
(1636, 'S1636', 'SUHENDAR', 'XI TJKT 1_ULANGAN HARIAN_2526', 'TJKT', 'S1636', 'UH123', 'siswa', 1),
(1637, 'S1637', 'UJANG AKBAR MAULANA', 'XI TJKT 1_ULANGAN HARIAN_2526', 'TJKT', 'S1637', 'UH123', 'siswa', 1),
(1638, 'S1638', 'ZULKIFLI MUKHTAR WIJAYA', 'XI TJKT 1_ULANGAN HARIAN_2526', 'TJKT', 'S1638', 'UH123', 'siswa', 1),
(1639, 'S1639', 'ADITYA PUTRA PRATAMA', 'XI TJKT 2_ULANGAN HARIAN_2526', 'TJKT', 'S1639', 'UH123', 'siswa', 1),
(1640, 'S1640', 'AFGHAN FIRMANSYAH', 'XI TJKT 2_ULANGAN HARIAN_2526', 'TJKT', 'S1640', 'UH123', 'siswa', 1),
(1641, 'S1641', 'AGUSTIA SYABANI', 'XI TJKT 2_ULANGAN HARIAN_2526', 'TJKT', 'S1641', 'UH123', 'siswa', 1),
(1642, 'S1642', 'AHMAD ABDUL GHANDI', 'XI TJKT 2_ULANGAN HARIAN_2526', 'TJKT', 'S1642', 'UH123', 'siswa', 1),
(1643, 'S1643', 'AHMAD NAWAWI', 'XI TJKT 2_ULANGAN HARIAN_2526', 'TJKT', 'S1643', 'UH123', 'siswa', 1),
(1644, 'S1644', 'ASIF LUTFI', 'XI TJKT 2_ULANGAN HARIAN_2526', 'TJKT', 'S1644', 'UH123', 'siswa', 1),
(1645, 'S1645', 'BAGAS NOVAN TRI SANTOSO', 'XI TJKT 2_ULANGAN HARIAN_2526', 'TJKT', 'S1645', 'UH123', 'siswa', 1),
(1646, 'S1646', 'DEDE ILYAS', 'XI TJKT 2_ULANGAN HARIAN_2526', 'TJKT', 'S1646', 'UH123', 'siswa', 1),
(1647, 'S1647', 'DIAZ PERMANA', 'XI TJKT 2_ULANGAN HARIAN_2526', 'TJKT', 'S1647', 'UH123', 'siswa', 1),
(1648, 'S1648', 'FAJAR PRATAMA MUHAMMAD RASO', 'XI TJKT 2_ULANGAN HARIAN_2526', 'TJKT', 'S1648', 'UH123', 'siswa', 1),
(1649, 'S1649', 'FARREL EKA ANDINE', 'XI TJKT 2_ULANGAN HARIAN_2526', 'TJKT', 'S1649', 'UH123', 'siswa', 1),
(1650, 'S1650', 'FAUZHAN BAKRIE ALKHAFI', 'XI TJKT 2_ULANGAN HARIAN_2526', 'TJKT', 'S1650', 'UH123', 'siswa', 1),
(1651, 'S1651', 'FAWWAZ GHALY AL GIFARI', 'XI TJKT 2_ULANGAN HARIAN_2526', 'TJKT', 'S1651', 'UH123', 'siswa', 1),
(1652, 'S1652', 'GALIH MAHMUD SYAHPUTRA', 'XI TJKT 2_ULANGAN HARIAN_2526', 'TJKT', 'S1652', 'UH123', 'siswa', 1),
(1653, 'S1653', 'HAFID HADIANSYAH', 'XI TJKT 2_ULANGAN HARIAN_2526', 'TJKT', 'S1653', 'UH123', 'siswa', 1),
(1654, 'S1654', 'HENDY GUNAWAN', 'XI TJKT 2_ULANGAN HARIAN_2526', 'TJKT', 'S1654', 'UH123', 'siswa', 1),
(1655, 'S1655', 'IDZWAN BAIHAQI', 'XI TJKT 2_ULANGAN HARIAN_2526', 'TJKT', 'S1655', 'UH123', 'siswa', 1),
(1656, 'S1656', 'Ilham Arya Winata', 'XI TJKT 2_ULANGAN HARIAN_2526', 'TJKT', 'S1656', 'UH123', 'siswa', 1),
(1657, 'S1657', 'KEMAL YAHYA', 'XI TJKT 2_ULANGAN HARIAN_2526', 'TJKT', 'S1657', 'UH123', 'siswa', 1),
(1658, 'S1658', 'M.BAEENAL CHAFID', 'XI TJKT 2_ULANGAN HARIAN_2526', 'TJKT', 'S1658', 'UH123', 'siswa', 1),
(1659, 'S1659', 'MUCHAMAD ALVARIZI', 'XI TJKT 2_ULANGAN HARIAN_2526', 'TJKT', 'S1659', 'UH123', 'siswa', 1),
(1660, 'S1660', 'MUHAMAD IBRAHIM', 'XI TJKT 2_ULANGAN HARIAN_2526', 'TJKT', 'S1660', 'UH123', 'siswa', 1),
(1661, 'S1661', 'MUHAMAD RIDHO FINANSYAH', 'XI TJKT 2_ULANGAN HARIAN_2526', 'TJKT', 'S1661', 'UH123', 'siswa', 1),
(1662, 'S1662', 'MUHAMMAD FAKHRAJ ABDILLAH', 'XI TJKT 2_ULANGAN HARIAN_2526', 'TJKT', 'S1662', 'UH123', 'siswa', 1),
(1663, 'S1663', 'MUHAMMAD FAZRI', 'XI TJKT 2_ULANGAN HARIAN_2526', 'TJKT', 'S1663', 'UH123', 'siswa', 1),
(1664, 'S1664', 'MUHAMMAD FIRDZI', 'XI TJKT 2_ULANGAN HARIAN_2526', 'TJKT', 'S1664', 'UH123', 'siswa', 1),
(1665, 'S1665', 'MUHAMMAD ILHAM TRI ANDHIKA', 'XI TJKT 2_ULANGAN HARIAN_2526', 'TJKT', 'S1665', 'UH123', 'siswa', 1),
(1666, 'S1666', 'MUHAMMAD KHOIRUL RIZAL', 'XI TJKT 2_ULANGAN HARIAN_2526', 'TJKT', 'S1666', 'UH123', 'siswa', 1),
(1667, 'S1667', 'NASHRUL AUFA RIYADI', 'XI TJKT 2_ULANGAN HARIAN_2526', 'TJKT', 'S1667', 'UH123', 'siswa', 1),
(1668, 'S1668', 'NATHAN AGHEL SEBASTIAN', 'XI TJKT 2_ULANGAN HARIAN_2526', 'TJKT', 'S1668', 'UH123', 'siswa', 1),
(1669, 'S1669', 'NUR IKHSAN', 'XI TJKT 2_ULANGAN HARIAN_2526', 'TJKT', 'S1669', 'UH123', 'siswa', 1),
(1670, 'S1670', 'PANJI SETYAWAN', 'XI TJKT 2_ULANGAN HARIAN_2526', 'TJKT', 'S1670', 'UH123', 'siswa', 1),
(1671, 'S1671', 'PATO RAMIZ HASYID', 'XI TJKT 2_ULANGAN HARIAN_2526', 'TJKT', 'S1671', 'UH123', 'siswa', 1),
(1672, 'S1672', 'RAHLIL KUNTA BAYU WASKITA', 'XI TJKT 2_ULANGAN HARIAN_2526', 'TJKT', 'S1672', 'UH123', 'siswa', 1),
(1673, 'S1673', 'RENDY AKBAR PRATAMA', 'XI TJKT 2_ULANGAN HARIAN_2526', 'TJKT', 'S1673', 'UH123', 'siswa', 1),
(1674, 'S1674', 'RIO HADINATA', 'XI TJKT 2_ULANGAN HARIAN_2526', 'TJKT', 'S1674', 'UH123', 'siswa', 1),
(1675, 'S1675', 'RIZAL ADITYA PRASETYO', 'XI TJKT 2_ULANGAN HARIAN_2526', 'TJKT', 'S1675', 'UH123', 'siswa', 1),
(1676, 'S1676', 'RIZIEQ GIBRANI AZZAM', 'XI TJKT 2_ULANGAN HARIAN_2526', 'TJKT', 'S1676', 'UH123', 'siswa', 1),
(1677, 'S1677', 'SYAHRAN RAMADHAN', 'XI TJKT 2_ULANGAN HARIAN_2526', 'TJKT', 'S1677', 'UH123', 'siswa', 1),
(1678, 'S1678', 'Yusuf Abdul Hakim', 'XI TJKT 2_ULANGAN HARIAN_2526', 'TJKT', 'S1678', 'UH123', 'siswa', 1),
(1679, 'S1679', 'ACHMAD FURQON AL FALLAKHI', 'XI TJKT 3_ULANGAN HARIAN_2526', 'TJKT', 'S1679', 'UH123', 'siswa', 1),
(1680, 'S1680', 'ADITYA KHESYAR RAMDAN NUGRAHA', 'XI TJKT 3_ULANGAN HARIAN_2526', 'TJKT', 'S1680', 'UH123', 'siswa', 1),
(1681, 'S1681', 'AGUNG PRIYATNA', 'XI TJKT 3_ULANGAN HARIAN_2526', 'TJKT', 'S1681', 'UH123', 'siswa', 1),
(1682, 'S1682', 'ALFAJAR RAMADHAN', 'XI TJKT 3_ULANGAN HARIAN_2526', 'TJKT', 'S1682', 'UH123', 'siswa', 1),
(1683, 'S1683', 'Alvino Rafa Ardhian', 'XI TJKT 3_ULANGAN HARIAN_2526', 'TJKT', 'S1683', 'UH123', 'siswa', 1),
(1684, 'S1684', 'ANDIKA PUTRA ISKANDAR', 'XI TJKT 3_ULANGAN HARIAN_2526', 'TJKT', 'S1684', 'UH123', 'siswa', 1),
(1685, 'S1685', 'Arjuna Dirgantara', 'XI TJKT 3_ULANGAN HARIAN_2526', 'TJKT', 'S1685', 'UH123', 'siswa', 1),
(1686, 'S1686', 'ARKA RAMDHAN SEPTIAN', 'XI TJKT 3_ULANGAN HARIAN_2526', 'TJKT', 'S1686', 'UH123', 'siswa', 1),
(1687, 'S1687', 'BUDI MULYANTO', 'XI TJKT 3_ULANGAN HARIAN_2526', 'TJKT', 'S1687', 'UH123', 'siswa', 1),
(1688, 'S1688', 'CHRISTIAN CHANDRA', 'XI TJKT 3_ULANGAN HARIAN_2526', 'TJKT', 'S1688', 'UH123', 'siswa', 1),
(1689, 'S1689', 'DHIKA AHLAN FATIH', 'XI TJKT 3_ULANGAN HARIAN_2526', 'TJKT', 'S1689', 'UH123', 'siswa', 1),
(1690, 'S1690', 'DIKA ARDIYANSYAH', 'XI TJKT 3_ULANGAN HARIAN_2526', 'TJKT', 'S1690', 'UH123', 'siswa', 1),
(1691, 'S1691', 'EGI NOFRIANSYAH', 'XI TJKT 3_ULANGAN HARIAN_2526', 'TJKT', 'S1691', 'UH123', 'siswa', 1),
(1692, 'S1692', 'FAHRI FAILA', 'XI TJKT 3_ULANGAN HARIAN_2526', 'TJKT', 'S1692', 'UH123', 'siswa', 1),
(1693, 'S1693', 'Faiz Rahmatulloh', 'XI TJKT 3_ULANGAN HARIAN_2526', 'TJKT', 'S1693', 'UH123', 'siswa', 1),
(1694, 'S1694', 'FAJAR SETIAWAN', 'XI TJKT 3_ULANGAN HARIAN_2526', 'TJKT', 'S1694', 'UH123', 'siswa', 1),
(1695, 'S1695', 'GALIH FATIHAH CANDRA', 'XI TJKT 3_ULANGAN HARIAN_2526', 'TJKT', 'S1695', 'UH123', 'siswa', 1),
(1696, 'S1696', 'IQBAL NABIL AMRULLOH', 'XI TJKT 3_ULANGAN HARIAN_2526', 'TJKT', 'S1696', 'UH123', 'siswa', 1),
(1697, 'S1697', 'LUTFI SYI\'ARUDIN NUR HABBIBI', 'XI TJKT 3_ULANGAN HARIAN_2526', 'TJKT', 'S1697', 'UH123', 'siswa', 1),
(1698, 'S1698', 'MUHAMAD AGUS SAPUTRA', 'XI TJKT 3_ULANGAN HARIAN_2526', 'TJKT', 'S1698', 'UH123', 'siswa', 1),
(1699, 'S1699', 'MUHAMAD ALFIANSYAH ALI', 'XI TJKT 3_ULANGAN HARIAN_2526', 'TJKT', 'S1699', 'UH123', 'siswa', 1),
(1700, 'S1700', 'MUHAMAD RIZKY ADITYA', 'XI TJKT 3_ULANGAN HARIAN_2526', 'TJKT', 'S1700', 'UH123', 'siswa', 1),
(1701, 'S1701', 'MUHAMMAD ARVA FIKRI YULIANTO', 'XI TJKT 3_ULANGAN HARIAN_2526', 'TJKT', 'S1701', 'UH123', 'siswa', 1),
(1702, 'S1702', 'MUHAMMAD CANDRA SAPUTRA', 'XI TJKT 3_ULANGAN HARIAN_2526', 'TJKT', 'S1702', 'UH123', 'siswa', 1),
(1703, 'S1703', 'Muhammad Faik Fadillah', 'XI TJKT 3_ULANGAN HARIAN_2526', 'TJKT', 'S1703', 'UH123', 'siswa', 1),
(1704, 'S1704', 'Muhammad fajar maulana', 'XI TJKT 3_ULANGAN HARIAN_2526', 'TJKT', 'S1704', 'UH123', 'siswa', 1),
(1705, 'S1705', 'MUHAMMAD FATHUR ROHMAN', 'XI TJKT 3_ULANGAN HARIAN_2526', 'TJKT', 'S1705', 'UH123', 'siswa', 1),
(1706, 'S1706', 'MUHAMMAD PUTRA PRAYOGA', 'XI TJKT 3_ULANGAN HARIAN_2526', 'TJKT', 'S1706', 'UH123', 'siswa', 1),
(1707, 'S1707', 'MUHAMMAD RAHIL ISLAMI', 'XI TJKT 3_ULANGAN HARIAN_2526', 'TJKT', 'S1707', 'UH123', 'siswa', 1),
(1708, 'S1708', 'MUHAMMAD RENALDY SETIAWAN', 'XI TJKT 3_ULANGAN HARIAN_2526', 'TJKT', 'S1708', 'UH123', 'siswa', 1),
(1709, 'S1709', 'MUHAMMAD RULI ZALFIAN', 'XI TJKT 3_ULANGAN HARIAN_2526', 'TJKT', 'S1709', 'UH123', 'siswa', 1),
(1710, 'S1710', 'MUHAMMAD SAPUTRA APRIANSA', 'XI TJKT 3_ULANGAN HARIAN_2526', 'TJKT', 'S1710', 'UH123', 'siswa', 1),
(1711, 'S1711', 'NOVAN ADITYA PRADANA', 'XI TJKT 3_ULANGAN HARIAN_2526', 'TJKT', 'S1711', 'UH123', 'siswa', 1),
(1712, 'S1712', 'PADLI APRILIANSYAH', 'XI TJKT 3_ULANGAN HARIAN_2526', 'TJKT', 'S1712', 'UH123', 'siswa', 1),
(1713, 'S1713', 'PRADIKA CHANDRA', 'XI TJKT 3_ULANGAN HARIAN_2526', 'TJKT', 'S1713', 'UH123', 'siswa', 1),
(1714, 'S1714', 'RAFAEL AHZA SIMALANGO', 'XI TJKT 3_ULANGAN HARIAN_2526', 'TJKT', 'S1714', 'UH123', 'siswa', 1),
(1715, 'S1715', 'RAFLI ERI ARYANTO', 'XI TJKT 3_ULANGAN HARIAN_2526', 'TJKT', 'S1715', 'UH123', 'siswa', 1),
(1716, 'S1716', 'RAHSA RAMADHANA', 'XI TJKT 3_ULANGAN HARIAN_2526', 'TJKT', 'S1716', 'UH123', 'siswa', 1),
(1717, 'S1717', 'REVALDO', 'XI TJKT 3_ULANGAN HARIAN_2526', 'TJKT', 'S1717', 'UH123', 'siswa', 1),
(1718, 'S1718', 'RIZKY FIRMANSYAH', 'XI TJKT 3_ULANGAN HARIAN_2526', 'TJKT', 'S1718', 'UH123', 'siswa', 1),
(1719, 'S1719', 'RIZQI ABDUL MAJID', 'XI TJKT 3_ULANGAN HARIAN_2526', 'TJKT', 'S1719', 'UH123', 'siswa', 1),
(1720, 'S1720', 'RIZQI FADHILLAH', 'XI TJKT 3_ULANGAN HARIAN_2526', 'TJKT', 'S1720', 'UH123', 'siswa', 1),
(1721, 'S1721', 'SYAFRIANSAH FAHRUL ZAKY', 'XI TJKT 3_ULANGAN HARIAN_2526', 'TJKT', 'S1721', 'UH123', 'siswa', 1),
(1722, 'S1722', 'TRI DASTA', 'XI TJKT 3_ULANGAN HARIAN_2526', 'TJKT', 'S1722', 'UH123', 'siswa', 1);

-- --------------------------------------------------------

--
-- Table structure for table `bank_soal`
--

CREATE TABLE `bank_soal` (
  `id_bank_soal` int(11) NOT NULL,
  `nama_bank_soal` text NOT NULL,
  `jurusan` varchar(32) NOT NULL
) ENGINE=InnoDB DEFAULT CHARSET=utf8mb4 COLLATE=utf8mb4_general_ci;

--
-- Dumping data for table `bank_soal`
--

INSERT INTO `bank_soal` (`id_bank_soal`, `nama_bank_soal`, `jurusan`) VALUES
(56246709, 'CODING KELAS X', 'UMUM');

-- --------------------------------------------------------

--
-- Table structure for table `jadwal_soal`
--

CREATE TABLE `jadwal_soal` (
  `id_jadwal_soal` int(11) NOT NULL,
  `id_jadwal` int(11) NOT NULL,
  `id_bank_soal` int(11) NOT NULL
) ENGINE=InnoDB DEFAULT CHARSET=utf8mb4 COLLATE=utf8mb4_general_ci;

--
-- Dumping data for table `jadwal_soal`
--

INSERT INTO `jadwal_soal` (`id_jadwal_soal`, `id_jadwal`, `id_bank_soal`) VALUES
(88363669, 73629617, 56246709);

-- --------------------------------------------------------

--
-- Table structure for table `sessions`
--

CREATE TABLE `sessions` (
  `id_session` int(11) NOT NULL,
  `session_id` varchar(255) NOT NULL,
  `username` varchar(100) NOT NULL,
  `ipaddress` varchar(45) DEFAULT NULL,
  `timestamp` timestamp NOT NULL DEFAULT current_timestamp() ON UPDATE current_timestamp()
) ENGINE=InnoDB DEFAULT CHARSET=utf8mb4 COLLATE=utf8mb4_general_ci;

--
-- Dumping data for table `sessions`
--

INSERT INTO `sessions` (`id_session`, `session_id`, `username`, `ipaddress`, `timestamp`) VALUES
(66, '4d28f6ade28fea5151861e65de0b4ac12660a5c8a59d83d31fe5c6bcdeb76bb4', 'k01030098', '::1', '2026-04-28 12:38:13'),
(67, '68d2649bf95a3e1ac80fbdaf3e5ff5535b21706b81a8bed12d47e6578da48337', 'S1011', '192.168.1.7', '2026-04-28 12:38:01');

-- --------------------------------------------------------

--
-- Table structure for table `siswa_jawab`
--

CREATE TABLE `siswa_jawab` (
  `id_siswa_jawab` int(11) NOT NULL,
  `id_mapel` int(240) NOT NULL,
  `username` varchar(32) NOT NULL,
  `soal_id` int(11) NOT NULL,
  `jawaban` text NOT NULL,
  `timestamp` timestamp NOT NULL DEFAULT current_timestamp() ON UPDATE current_timestamp()
) ENGINE=InnoDB DEFAULT CHARSET=utf8mb4 COLLATE=utf8mb4_general_ci;

--
-- Dumping data for table `siswa_jawab`
--

INSERT INTO `siswa_jawab` (`id_siswa_jawab`, `id_mapel`, `username`, `soal_id`, `jawaban`, `timestamp`) VALUES
(175, 1001, 'S1011', 156246709, 'A', '2026-04-28 12:38:01'),
(176, 1001, 'S1011', 256246709, 'A', '2026-04-28 12:38:01'),
(177, 1001, 'S1011', 356246709, 'A', '2026-04-28 12:38:01'),
(178, 1001, 'S1011', 456246709, 'A', '2026-04-28 12:38:01'),
(179, 1001, 'S1011', 556246709, 'A', '2026-04-28 12:38:01'),
(180, 1001, 'S1011', 656246709, 'A', '2026-04-28 12:38:01'),
(181, 1001, 'S1011', 756246709, 'A', '2026-04-28 12:38:01'),
(182, 1001, 'S1011', 856246709, 'A', '2026-04-28 12:38:01'),
(183, 1001, 'S1011', 956246709, 'A', '2026-04-28 12:38:01'),
(184, 1001, 'S1011', 1056246709, 'A', '2026-04-28 12:38:01'),
(185, 1001, 'S1011', 1156246709, 'A', '2026-04-28 12:38:01'),
(186, 1001, 'S1011', 1256246709, 'A', '2026-04-28 12:38:01'),
(187, 1001, 'S1011', 1356246709, 'A', '2026-04-28 12:38:01'),
(188, 1001, 'S1011', 1456246709, 'A', '2026-04-28 12:38:01'),
(189, 1001, 'S1011', 1556246709, 'A', '2026-04-28 12:38:01'),
(190, 1001, 'S1011', 1656246709, 'A', '2026-04-28 12:38:01'),
(191, 1001, 'S1011', 1756246709, 'A', '2026-04-28 12:38:01'),
(192, 1001, 'S1011', 1856246709, 'A', '2026-04-28 12:38:01'),
(193, 1001, 'S1011', 1956246709, 'A', '2026-04-28 12:38:01'),
(194, 1001, 'S1011', 2056246709, 'A', '2026-04-28 12:38:01');

-- --------------------------------------------------------

--
-- Table structure for table `siswa_login`
--

CREATE TABLE `siswa_login` (
  `id` int(11) NOT NULL,
  `username` varchar(128) DEFAULT NULL,
  `login_time` datetime DEFAULT NULL
) ENGINE=InnoDB DEFAULT CHARSET=utf8mb4 COLLATE=utf8mb4_general_ci;

-- --------------------------------------------------------

--
-- Table structure for table `siswa_status`
--

CREATE TABLE `siswa_status` (
  `id_status_peserta` int(11) NOT NULL,
  `id_jadwal` int(11) NOT NULL,
  `username` text NOT NULL,
  `status` text NOT NULL
) ENGINE=InnoDB DEFAULT CHARSET=utf8mb4 COLLATE=utf8mb4_general_ci;

--
-- Dumping data for table `siswa_status`
--

INSERT INTO `siswa_status` (`id_status_peserta`, `id_jadwal`, `username`, `status`) VALUES
(31, 73629617, 'S1011', 'SELESAI');

-- --------------------------------------------------------

--
-- Table structure for table `soal`
--

CREATE TABLE `soal` (
  `id_soal` int(200) NOT NULL,
  `id_bank_soal` int(200) NOT NULL,
  `soal` text NOT NULL,
  `pilA` text NOT NULL,
  `pilB` text NOT NULL,
  `pilC` text NOT NULL,
  `pilD` text NOT NULL,
  `pilE` text NOT NULL,
  `kunci` text NOT NULL,
  `gambar` text NOT NULL
) ENGINE=InnoDB DEFAULT CHARSET=utf8mb4 COLLATE=utf8mb4_general_ci;

--
-- Dumping data for table `soal`
--

INSERT INTO `soal` (`id_soal`, `id_bank_soal`, `soal`, `pilA`, `pilB`, `pilC`, `pilD`, `pilE`, `kunci`, `gambar`) VALUES
(156246709, 56246709, 'Algoritma adalah …', 'Bahasa pemrograman', 'Urutan langkah logis untuk menyelesaikan masalah', 'Perangkat keras komputer', 'Data yang tersimpan di memori', 'Perintah dalam sistem operasi', 'b', ''),
(256246709, 56246709, 'Tujuan utama penggunaan algoritma adalah …', 'Membuat komputer lebih cepat', 'Mengurangi kapasitas memori', 'Mempermudah penyelesaian masalah secara sistematis', 'Menghapus data yang tidak perlu', 'Membuat aplikasi otomatis', 'c', ''),
(356246709, 56246709, 'Tahap awal dalam problem solving adalah …', 'Implementasi', 'Identifikasi masalah', 'Debugging', 'Evaluasi', 'Dokumentasi', 'b', ''),
(456246709, 56246709, 'Flowchart digunakan untuk …', 'Menyimpan data', 'Menggambar alur penyelesaian masalah', 'Membuat kode program', 'Menghitung hasil akhir', 'Menganalisis kapasitas memori', 'b', ''),
(556246709, 56246709, 'Simbol belah ketupat pada flowchart melambangkan …', 'Proses', 'Input/output', 'Keputusan', 'Terminal (mulai/selesai)', 'Penyimpanan data', 'c', ''),
(656246709, 56246709, 'Simbol lingkaran kecil dalam flowchart disebut …', 'Connector', 'Terminal', 'Input/output', 'Proses', 'Decision', 'a', ''),
(756246709, 56246709, 'Pseudocode adalah …', 'Bahasa pemrograman resmi', 'Gambar diagram', 'Deskripsi algoritma dengan bahasa sederhana menyerupai kode', 'Perintah komputer dalam biner', 'Flowchart otomatis', 'c', ''),
(856246709, 56246709, 'Salah satu contoh langkah problem solving adalah …', 'Menyusun jadwal pelajaran', 'Membeli perangkat keras', 'Menganalisis kebutuhan dan membuat solusi', 'Menentukan harga barang', 'Menulis laporan keuangan', 'c', ''),
(956246709, 56246709, 'Algoritma harus memiliki sifat …', 'Tergantung pada perangkat keras', 'Memiliki langkah terbatas dan jelas', 'Tidak perlu urutan', 'Hanya bisa dipahami programmer', 'Harus berbentuk flowchart', 'b', ''),
(1056246709, 56246709, 'Masukan dalam sebuah algoritma disebut …', 'Output', 'Proses', 'Data', 'Variabel', 'Perintah', 'c', ''),
(1156246709, 56246709, 'Contoh algoritma dalam kehidupan sehari-hari adalah …', 'Menyusun jadwal pelajaran', 'Memasak mie instan dengan langkah-langkah tertentu', 'Membeli pulsa di konter', 'Menonton televisi', 'Mengambil uang di ATM', 'b', ''),
(1256246709, 56246709, 'Urutan tahapan problem solving yang benar adalah …', 'Implementasi → Identifikasi → Analisis → Evaluasi', 'Identifikasi → Analisis → Perancangan → Implementasi → Evaluasi', 'Analisis → Evaluasi → Implementasi → Identifikasi', 'Perancangan → Implementasi → Identifikasi → Analisis', 'Identifikasi → Implementasi → Analisis → Dokumentasi', 'b', ''),
(1356246709, 56246709, 'Output dari sebuah algoritma adalah …', 'Data mentah', 'Hasil yang diperoleh dari pemrosesan', 'Variabel input', 'Langkah awal algoritma', 'Simbol flowchart', 'b', ''),
(1456246709, 56246709, 'Algoritma yang digunakan untuk mengurutkan data dari kecil ke besar disebut …', 'Searching', 'Sorting', 'Stacking', 'Looping', 'Branching', 'b', ''),
(1556246709, 56246709, 'Contoh algoritma sederhana untuk menentukan bilangan ganjil/genap menggunakan …', 'Perulangan', 'Percabangan (if-else)', 'Fungsi rekursif', 'Variabel array', 'Operator logika saja', 'b', ''),
(1656246709, 56246709, 'Dalam flowchart, simbol jajar genjang melambangkan …', 'Output', 'Input/output', 'Keputusan', 'Proses', 'Terminal', 'b', ''),
(1756246709, 56246709, 'Penyelesaian masalah dengan algoritma harus bersifat …', 'Rumit', 'Abstrak', 'Efisien dan logis', 'Tidak terbatas', 'Tergantung hardware', 'c', ''),
(1856246709, 56246709, 'Tahapan terakhir dari problem solving adalah …', 'Identifikasi masalah', 'Evaluasi solusi', 'Implementasi algoritma', 'Analisis masalah', 'Menyusun flowchart', 'b', ''),
(1956246709, 56246709, 'Bahasa pemrograman digunakan untuk …', 'Menggambar flowchart', 'Mengimplementasikan algoritma ke dalam bentuk program', 'Mengidentifikasi masalah', 'Membuat pseudocode', 'Membuat laporan', 'b', ''),
(2056246709, 56246709, 'Dalam problem solving, analisis masalah dilakukan untuk …', 'Menemukan solusi alternatif', 'Menyimpan data ke komputer', 'Membeli perangkat lunak', 'Membuat diagram alur', 'Menentukan variabel', 'a', '');

-- --------------------------------------------------------

--
-- Table structure for table `token_keluar`
--

CREATE TABLE `token_keluar` (
  `id` int(11) NOT NULL,
  `token_keluar` varchar(100) DEFAULT NULL
) ENGINE=InnoDB DEFAULT CHARSET=utf8mb4 COLLATE=utf8mb4_general_ci;

--
-- Dumping data for table `token_keluar`
--

INSERT INTO `token_keluar` (`id`, `token_keluar`) VALUES
(1, 'CBT2430');

-- --------------------------------------------------------

--
-- Table structure for table `token_masuk`
--

CREATE TABLE `token_masuk` (
  `id` int(11) NOT NULL,
  `token_masuk` varchar(100) DEFAULT NULL,
  `status` varchar(20) NOT NULL
) ENGINE=InnoDB DEFAULT CHARSET=utf8mb4 COLLATE=utf8mb4_general_ci;

--
-- Dumping data for table `token_masuk`
--

INSERT INTO `token_masuk` (`id`, `token_masuk`, `status`) VALUES
(1, 'CBT6405', 'TIDAK AKTIF');

--
-- Indexes for dumped tables
--

--
-- Indexes for table `auth`
--
ALTER TABLE `auth`
  ADD PRIMARY KEY (`id`);

--
-- Indexes for table `a_jadwal`
--
ALTER TABLE `a_jadwal`
  ADD PRIMARY KEY (`id_jadwal`);

--
-- Indexes for table `a_jurusan`
--
ALTER TABLE `a_jurusan`
  ADD PRIMARY KEY (`id`) USING BTREE;

--
-- Indexes for table `a_kelas`
--
ALTER TABLE `a_kelas`
  ADD PRIMARY KEY (`id`) USING BTREE;

--
-- Indexes for table `a_mapel`
--
ALTER TABLE `a_mapel`
  ADD PRIMARY KEY (`id_mapel`);

--
-- Indexes for table `a_siswa`
--
ALTER TABLE `a_siswa`
  ADD PRIMARY KEY (`id`);

--
-- Indexes for table `bank_soal`
--
ALTER TABLE `bank_soal`
  ADD PRIMARY KEY (`id_bank_soal`);

--
-- Indexes for table `jadwal_soal`
--
ALTER TABLE `jadwal_soal`
  ADD PRIMARY KEY (`id_jadwal_soal`);

--
-- Indexes for table `sessions`
--
ALTER TABLE `sessions`
  ADD PRIMARY KEY (`id_session`),
  ADD UNIQUE KEY `session_id` (`session_id`),
  ADD KEY `idx_session_id` (`session_id`),
  ADD KEY `idx_username` (`username`);

--
-- Indexes for table `siswa_jawab`
--
ALTER TABLE `siswa_jawab`
  ADD PRIMARY KEY (`id_siswa_jawab`);

--
-- Indexes for table `siswa_login`
--
ALTER TABLE `siswa_login`
  ADD PRIMARY KEY (`id`);

--
-- Indexes for table `siswa_status`
--
ALTER TABLE `siswa_status`
  ADD PRIMARY KEY (`id_status_peserta`);

--
-- Indexes for table `soal`
--
ALTER TABLE `soal`
  ADD PRIMARY KEY (`id_soal`);

--
-- Indexes for table `token_keluar`
--
ALTER TABLE `token_keluar`
  ADD PRIMARY KEY (`id`);

--
-- Indexes for table `token_masuk`
--
ALTER TABLE `token_masuk`
  ADD PRIMARY KEY (`id`);

--
-- AUTO_INCREMENT for dumped tables
--

--
-- AUTO_INCREMENT for table `auth`
--
ALTER TABLE `auth`
  MODIFY `id` int(11) NOT NULL AUTO_INCREMENT, AUTO_INCREMENT=7;

--
-- AUTO_INCREMENT for table `a_jurusan`
--
ALTER TABLE `a_jurusan`
  MODIFY `id` int(11) NOT NULL AUTO_INCREMENT, AUTO_INCREMENT=506;

--
-- AUTO_INCREMENT for table `a_kelas`
--
ALTER TABLE `a_kelas`
  MODIFY `id` int(11) NOT NULL AUTO_INCREMENT, AUTO_INCREMENT=1032332626;

--
-- AUTO_INCREMENT for table `sessions`
--
ALTER TABLE `sessions`
  MODIFY `id_session` int(11) NOT NULL AUTO_INCREMENT, AUTO_INCREMENT=68;

--
-- AUTO_INCREMENT for table `siswa_jawab`
--
ALTER TABLE `siswa_jawab`
  MODIFY `id_siswa_jawab` int(11) NOT NULL AUTO_INCREMENT, AUTO_INCREMENT=195;

--
-- AUTO_INCREMENT for table `siswa_login`
--
ALTER TABLE `siswa_login`
  MODIFY `id` int(11) NOT NULL AUTO_INCREMENT, AUTO_INCREMENT=8;

--
-- AUTO_INCREMENT for table `siswa_status`
--
ALTER TABLE `siswa_status`
  MODIFY `id_status_peserta` int(11) NOT NULL AUTO_INCREMENT, AUTO_INCREMENT=32;

--
-- AUTO_INCREMENT for table `token_keluar`
--
ALTER TABLE `token_keluar`
  MODIFY `id` int(11) NOT NULL AUTO_INCREMENT, AUTO_INCREMENT=2;

--
-- AUTO_INCREMENT for table `token_masuk`
--
ALTER TABLE `token_masuk`
  MODIFY `id` int(11) NOT NULL AUTO_INCREMENT, AUTO_INCREMENT=2;
COMMIT;

/*!40101 SET CHARACTER_SET_CLIENT=@OLD_CHARACTER_SET_CLIENT */;
/*!40101 SET CHARACTER_SET_RESULTS=@OLD_CHARACTER_SET_RESULTS */;
/*!40101 SET COLLATION_CONNECTION=@OLD_COLLATION_CONNECTION */;
