-- phpMyAdmin SQL Dump
-- version 5.2.0
-- https://www.phpmyadmin.net/
--
-- Host: localhost
-- Generation Time: Feb 28, 2026 at 03:02 PM
-- Server version: 10.4.27-MariaDB
-- PHP Version: 7.4.33

SET SQL_MODE = "NO_AUTO_VALUE_ON_ZERO";
START TRANSACTION;
SET time_zone = "+00:00";


/*!40101 SET @OLD_CHARACTER_SET_CLIENT=@@CHARACTER_SET_CLIENT */;
/*!40101 SET @OLD_CHARACTER_SET_RESULTS=@@CHARACTER_SET_RESULTS */;
/*!40101 SET @OLD_COLLATION_CONNECTION=@@COLLATION_CONNECTION */;
/*!40101 SET NAMES utf8mb4 */;

--
-- Database: `cbt25`
--

-- --------------------------------------------------------

--
-- Table structure for table `auth`
--

CREATE TABLE `auth` (
  `id` int(11) NOT NULL,
  `username` varchar(128) NOT NULL,
  `password` varchar(1028) NOT NULL,
  `nama` varchar(256) NOT NULL,
  `level` varchar(32) NOT NULL
) ENGINE=InnoDB DEFAULT CHARSET=utf8mb4 COLLATE=utf8mb4_general_ci;

--
-- Dumping data for table `auth`
--

INSERT INTO `auth` (`id`, `username`, `password`, `nama`, `level`) VALUES
(1, 'K01030098', '243778a3e45875976f29ec9d19450bb2', 'Administrator', 'admin'),
(2, 'K01030098-AKL', '30c87aa2df2fd8fc61079ffc1f10e6cc', 'ADMINISTRATOR AKL', 'adminakl'),
(3, 'K01030098-PM', '30c87aa2df2fd8fc61079ffc1f10e6cc', 'ADMINISTRATOR PM', 'adminbdp'),
(4, 'K01030098-MPLB', '30c87aa2df2fd8fc61079ffc1f10e6cc', 'ADMINISTRATOR MPLB', 'adminotkp'),
(5, 'K01030098-TJKT', '30c87aa2df2fd8fc61079ffc1f10e6cc', 'ADMINISTRATOR TJKT', 'admintkj'),
(6, 'K01030098-DKV', '30c87aa2df2fd8fc61079ffc1f10e6cc', 'ADMINISTRATOR DKV', 'admindkv');

-- --------------------------------------------------------

--
-- Table structure for table `a_jadwal`
--

CREATE TABLE `a_jadwal` (
  `id_jadwal` bigint(24) NOT NULL,
  `id_mapel` int(11) NOT NULL,
  `tanggal_mulai` date NOT NULL,
  `waktu_mulai` time NOT NULL,
  `waktu_selesai` time NOT NULL,
  `durasi` int(8) NOT NULL
) ENGINE=InnoDB DEFAULT CHARSET=utf8mb4 COLLATE=utf8mb4_general_ci;

--
-- Dumping data for table `a_jadwal`
--

INSERT INTO `a_jadwal` (`id_jadwal`, `id_mapel`, `tanggal_mulai`, `waktu_mulai`, `waktu_selesai`, `durasi`) VALUES
(30965272, 1027, '2026-02-24', '06:00:00', '23:59:00', 30);

-- --------------------------------------------------------

--
-- Table structure for table `a_jurusan`
--

CREATE TABLE `a_jurusan` (
  `id` int(11) NOT NULL,
  `kode` varchar(8) NOT NULL,
  `jurusan` varchar(128) NOT NULL
) ENGINE=InnoDB DEFAULT CHARSET=utf8mb4 COLLATE=utf8mb4_general_ci;

--
-- Dumping data for table `a_jurusan`
--

INSERT INTO `a_jurusan` (`id`, `kode`, `jurusan`) VALUES
(101, 'AKL', 'AKUTANSI KEUANGAN LEMBAGA'),
(202, 'PM', 'PEMASARAN'),
(303, 'MPLB', 'MANAJEMEN PERKANTORAN DAN LAYANAN BISNIS'),
(404, 'TJKT', 'TEKNIK JARINGAN KOMPUTER DAN TELEKOMUNIKASI'),
(505, 'DKV', 'DESAIN KOMUNIKASI VISUAL');

-- --------------------------------------------------------

--
-- Table structure for table `a_kelas`
--

CREATE TABLE `a_kelas` (
  `id` int(11) NOT NULL,
  `kode` varchar(8) NOT NULL,
  `kelas` varchar(128) NOT NULL,
  `slug` varchar(250) NOT NULL
) ENGINE=InnoDB DEFAULT CHARSET=utf8mb4 COLLATE=utf8mb4_general_ci;

--
-- Dumping data for table `a_kelas`
--

INSERT INTO `a_kelas` (`id`, `kode`, `kelas`, `slug`) VALUES
(1001, 'AKL', 'X AKL 1', 'X AKL 1_STS_2526'),
(1002, 'AKL', 'X AKL 2', 'X AKL 2_STS_2526'),
(1003, 'PM', 'X PM', 'X PM_STS_2526'),
(1004, 'MPLB', 'X MPLB 1', 'X MPLB 1_STS_2526'),
(1005, 'MPLB', 'X MPLB 2', 'X MPLB 2_STS_2526'),
(1006, 'TJKT', 'X TJKT 1', 'X TJKT 1_STS_2526'),
(1007, 'TJKT', 'X TJKT 2', 'X TJKT 2_STS_2526'),
(1008, 'TJKT', 'X TJKT 3', 'X TJKT 3_STS_2526'),
(1009, 'TJKT', 'X TJKT 4', 'X TJKT 4_STS_2526'),
(1010, 'DKV', 'X DKV', 'X DKV_STS_2526'),
(1011, 'AKL', 'XI AKL 1', 'XI AKL 1_STS_2526'),
(1012, 'AKL', 'XI AKL 2', 'XI AKL 2_STS_2526'),
(1013, 'PM', 'XI PM', 'XI PM_STS_2526'),
(1014, 'MPLB', 'XI MPLB 1', 'XI MPLB 1_STS_2526'),
(1015, 'MPLB', 'XI MPLB 2', 'XI MPLB 2_STS_2526'),
(1016, 'TJKT', 'XI TJKT 1', 'XI TJKT 1_STS_2526'),
(1017, 'TJKT', 'XI TJKT 2', 'XI TJKT 2_STS_2526'),
(1018, 'TJKT', 'XI TJKT 3', 'XI TJKT 3_STS_2526'),
(1019, 'DKV', 'XI DKV', 'XI DKV_STS_2526'),
(1020, 'AKL', 'XII AKL 1', 'XII AKL 1_SAS_2526'),
(1021, 'AKL', 'XII AKL 2', 'XII AKL 2_SAS_2526'),
(1022, 'PM', 'XII PM', 'XII PM_SAS_2526'),
(1023, 'MPLB', 'XII MPLB 1', 'XII MPLB 1_SAS_2526'),
(1024, 'MPLB', 'XII MPLB 2', 'XII MPLB 2_SAS_2526'),
(1025, 'TJKT', 'XII TJKT 1', 'XII TJKT 1_SAS_2526'),
(1026, 'TJKT', 'XII TJKT 2', 'XII TJKT 2_SAS_2526'),
(1027, 'TJKT', 'XII TJKT 3', 'XII TJKT 3_SAS_2526'),
(1028, 'DKV', 'XII DKV', 'XII DKV_SAS_2526');

-- --------------------------------------------------------

--
-- Table structure for table `a_mapel`
--

CREATE TABLE `a_mapel` (
  `id_mapel` bigint(240) NOT NULL,
  `id_kelas` int(11) NOT NULL,
  `nama_mapel` text NOT NULL,
  `timestamp` timestamp NOT NULL DEFAULT current_timestamp() ON UPDATE current_timestamp()
) ENGINE=InnoDB DEFAULT CHARSET=utf8mb4 COLLATE=utf8mb4_general_ci;

--
-- Dumping data for table `a_mapel`
--

INSERT INTO `a_mapel` (`id_mapel`, `id_kelas`, `nama_mapel`, `timestamp`) VALUES
(1001, 1025, 'AGAMA ISLAM ( XII TJKT 1 )', '2026-02-24 08:14:04'),
(1002, 1025, 'AGAMA KRISTEN ( XII TJKT 1 )', '2026-02-24 08:14:04'),
(1003, 1025, 'BAHASA INDONESIA ( XII TJKT 1 )', '2026-02-24 08:14:04'),
(1004, 1025, 'PEND. PANCASILA DAN KEWARGANEGARAAN ( XII TJKT 1 )', '2026-02-24 08:14:04'),
(1005, 1025, 'BAHASA INGGRIS ( XII TJKT 1 )', '2026-02-24 08:14:04'),
(1006, 1025, 'MATEMATIKA ( XII TJKT 1 )', '2026-02-24 08:14:04'),
(1007, 1025, 'PRODUK KREATIF DAN KEWIRAUSAHAAN ( XII TJKT 1 )', '2026-02-24 08:14:04'),
(1008, 1025, 'KONSENTRASI KEAHLIAN ( XII TJKT 1 )', '2026-02-24 08:14:04'),
(1009, 1026, 'AGAMA ISLAM ( XII TJKT 2 )', '2026-02-24 08:14:04'),
(1010, 1026, 'AGAMA KRISTEN ( XII TJKT 2 )', '2026-02-24 08:14:04'),
(1011, 1026, 'BAHASA INDONESIA ( XII TJKT 2 )', '2026-02-24 08:14:04'),
(1012, 1026, 'PEND. PANCASILA DAN KEWARGANEGARAAN ( XII TJKT 2 )', '2026-02-24 08:14:04'),
(1013, 1026, 'BAHASA INGGRIS ( XII TJKT 2 )', '2026-02-24 08:14:04'),
(1014, 1026, 'MATEMATIKA ( XII TJKT 2 )', '2026-02-24 08:14:04'),
(1015, 1026, 'PRODUK KREATIF DAN KEWIRAUSAHAAN ( XII TJKT 2 )', '2026-02-24 08:14:04'),
(1016, 1026, 'KONSENTRASI KEAHLIAN ( XII TJKT 2 )', '2026-02-24 08:14:04'),
(1017, 1027, 'AGAMA ISLAM ( XII TJKT 3 )', '2026-02-24 08:14:04'),
(1018, 1026, 'AGAMA KRISTEN ( XII TJKT 3 )', '2026-02-24 08:14:04'),
(1019, 1026, 'BAHASA INDONESIA ( XII TJKT 3 )', '2026-02-24 08:14:04'),
(1020, 1026, 'PEND. PANCASILA DAN KEWARGANEGARAAN ( XII TJKT 3 )', '2026-02-24 08:14:04'),
(1021, 1026, 'BAHASA INGGRIS ( XII TJKT 3 )', '2026-02-24 08:14:04'),
(1022, 1026, 'MATEMATIKA ( XII TJKT 3 )', '2026-02-24 08:14:04'),
(1023, 1026, 'PRODUK KREATIF DAN KEWIRAUSAHAAN ( XII TJKT 3 )', '2026-02-24 08:14:04'),
(1024, 1026, 'KONSENTRASI KEAHLIAN ( XII TJKT 3 )', '2026-02-24 08:14:04'),
(1025, 1020, 'AGAMA ISLAM ( XII AKL 1 )', '2026-02-24 08:13:45'),
(1026, 1020, 'AGAMA KRISTEN ( XII AKL 1 )', '2026-02-24 08:13:45'),
(1027, 1020, 'BAHASA INDONESIA ( XII AKL 1 )', '2026-02-24 08:13:45'),
(1028, 1020, 'PEND. PANCASILA DAN KEWARGANEGARAAN ( XII AKL 1 )', '2026-02-24 08:13:45'),
(1029, 1020, 'BAHASA INGGRIS ( XII AKL 1 )', '2026-02-24 08:13:45'),
(1030, 1020, 'MATEMATIKA ( XII AKL 1 )', '2026-02-24 08:13:45'),
(1031, 1020, 'PRODUK KREATIF DAN KEWIRAUSAHAAN ( XII AKL 1 )', '2026-02-24 08:13:45'),
(1032, 1021, 'KONSENTRASI KEAHLIAN ( XII AKL 1 )', '2026-02-24 08:13:45'),
(1033, 1021, 'AGAMA ISLAM ( XII AKL 2 )', '2026-02-24 08:13:45'),
(1034, 1021, 'AGAMA KRISTEN ( XII AKL 2 )', '2026-02-24 08:13:45'),
(1035, 1021, 'BAHASA INDONESIA ( XII AKL 2 )', '2026-02-24 08:13:45'),
(1036, 1021, 'PEND. PANCASILA DAN KEWARGANEGARAAN ( XII AKL 2 )', '2026-02-24 08:13:45'),
(1037, 1021, 'BAHASA INGGRIS ( XII AKL 2 )', '2026-02-24 08:13:45'),
(1038, 1021, 'MATEMATIKA ( XII AKL 2 )', '2026-02-24 08:13:45'),
(1039, 1021, 'PRODUK KREATIF DAN KEWIRAUSAHAAN ( XII AKL 2 )', '2026-02-24 08:13:45'),
(1040, 1021, 'KONSENTRASI KEAHLIAN ( XII AKL 2 )', '2026-02-24 08:13:45'),
(1041, 1023, 'AGAMA ISLAM ( XII MPLB 1 )', '2026-02-24 08:13:52'),
(1042, 1023, 'AGAMA KRISTEN ( XII MPLB 1 )', '2026-02-24 08:13:52'),
(1043, 1023, 'BAHASA INDONESIA ( XII MPLB 1 )', '2026-02-24 08:13:52'),
(1044, 1023, 'PEND. PANCASILA DAN KEWARGANEGARAAN ( XII MPLB 1 )', '2026-02-24 08:13:52'),
(1045, 1023, 'BAHASA INGGRIS ( XII MPLB 1 )', '2026-02-24 08:13:52'),
(1046, 1023, 'MATEMATIKA ( XII MPLB 1 )', '2026-02-24 08:13:52'),
(1047, 1023, 'PRODUK KREATIF DAN KEWIRAUSAHAAN ( XII MPLB 1 )', '2026-02-24 08:13:52'),
(1048, 1023, 'KONSENTRASI KEAHLIAN ( XII MPLB 1 )', '2026-02-24 08:13:52'),
(1049, 1024, 'AGAMA ISLAM ( XII MPLB 2 )', '2026-02-24 08:13:52'),
(1050, 1024, 'AGAMA KRISTEN ( XII MPLB 2 )', '2026-02-24 08:13:52'),
(1051, 1024, 'BAHASA INDONESIA ( XII MPLB 2 )', '2026-02-24 08:13:52'),
(1052, 1024, 'PEND. PANCASILA DAN KEWARGANEGARAAN ( XII MPLB 2 )', '2026-02-24 08:13:52'),
(1053, 1024, 'BAHASA INGGRIS ( XII MPLB 2 )', '2026-02-24 08:13:52'),
(1054, 1024, 'MATEMATIKA ( XII MPLB 2 )', '2026-02-24 08:13:52'),
(1055, 1024, 'PRODUK KREATIF DAN KEWIRAUSAHAAN ( XII MPLB 2 )', '2026-02-24 08:13:52'),
(1056, 1024, 'KONSENTRASI KEAHLIAN ( XII MPLB 2 )', '2026-02-24 08:13:52'),
(1057, 1022, 'AGAMA ISLAM ( XII PM )', '2026-02-24 08:13:58'),
(1058, 1022, 'AGAMA KRISTEN ( XII PM )', '2026-02-24 08:13:58'),
(1059, 1022, 'BAHASA INDONESIA ( XII PM )', '2026-02-24 08:13:58'),
(1060, 1022, 'PEND. PANCASILA DAN KEWARGANEGARAAN ( XII PM )', '2026-02-24 08:13:58'),
(1061, 1022, 'BAHASA INGGRIS ( XII PM )', '2026-02-24 08:13:58'),
(1062, 1022, 'MATEMATIKA ( XII PM )', '2026-02-24 08:13:58'),
(1063, 1022, 'PRODUK KREATIF DAN KEWIRAUSAHAAN ( XII PM )', '2026-02-24 08:13:58'),
(1064, 1022, 'KONSENTRASI KEAHLIAN ( XII PM )', '2026-02-24 08:13:58'),
(1065, 1028, 'AGAMA ISLAM ( XII DKV )', '2026-02-24 08:13:58'),
(1066, 1028, 'AGAMA KRISTEN ( XII DKV )', '2026-02-24 08:13:58'),
(1067, 1028, 'BAHASA INDONESIA ( XII DKV )', '2026-02-24 08:13:58'),
(1068, 1028, 'PEND. PANCASILA DAN KEWARGANEGARAAN ( XII DKV )', '2026-02-24 08:13:58'),
(1069, 1028, 'BAHASA INGGRIS ( XII DKV )', '2026-02-24 08:13:58'),
(1070, 1028, 'MATEMATIKA ( XII DKV )', '2026-02-24 08:13:58'),
(1071, 1028, 'PRODUK KREATIF DAN KEWIRAUSAHAAN ( XII DKV )', '2026-02-24 08:13:58'),
(1072, 1028, 'KONSENTRASI KEAHLIAN ( XII DKV )', '2026-02-24 08:13:58');

-- --------------------------------------------------------

--
-- Table structure for table `a_siswa`
--

CREATE TABLE `a_siswa` (
  `id` int(11) NOT NULL,
  `no_peserta` varchar(128) NOT NULL,
  `nama_siswa` varchar(512) NOT NULL,
  `kelas` varchar(250) NOT NULL,
  `jurusan` varchar(8) NOT NULL,
  `username` varchar(128) NOT NULL,
  `password` varchar(128) NOT NULL,
  `level` text NOT NULL,
  `status` int(11) NOT NULL
) ENGINE=InnoDB DEFAULT CHARSET=utf8mb4 COLLATE=utf8mb4_general_ci;

--
-- Dumping data for table `a_siswa`
--

INSERT INTO `a_siswa` (`id`, `no_peserta`, `nama_siswa`, `kelas`, `jurusan`, `username`, `password`, `level`, `status`) VALUES
(1001, 'K01030098239820', 'ALIYA PUSPITA SARI', 'X AKL 1_STS_2526', 'AKL', 'SISWA1001', 'CBT12345', 'siswa', 1),
(1002, 'K01030098259638', 'ALMIYA RAHMA JULIANTI', 'X AKL 1_STS_2526', 'AKL', 'SISWA1002', 'CBT12345', 'siswa', 1),
(1003, 'K01030098259639', 'AURIN OCTAVIA', 'X AKL 1_STS_2526', 'AKL', 'SISWA1003', 'CBT12345', 'siswa', 1),
(1004, 'K01030098259641', 'DEVITA AWALIA FITRIANI', 'X AKL 1_STS_2526', 'AKL', 'SISWA1004', 'CBT12345', 'siswa', 1),
(1005, 'K01030098259642', 'FABIAN ALVES', 'X AKL 1_STS_2526', 'AKL', 'SISWA1005', 'CBT12345', 'siswa', 1),
(1006, 'K01030098259643', 'GRECE', 'X AKL 1_STS_2526', 'AKL', 'SISWA1006', 'CBT12345', 'siswa', 1),
(1007, 'K01030098259644', 'KAYLA FALISHA SYAHRA', 'X AKL 1_STS_2526', 'AKL', 'SISWA1007', 'CBT12345', 'siswa', 1),
(1008, 'K01030098259645', 'KHANSHA FADHILAH', 'X AKL 1_STS_2526', 'AKL', 'SISWA1008', 'CBT12345', 'siswa', 1),
(1009, 'K01030098259646', 'KHOIRUN NISA RAMADHANI', 'X AKL 1_STS_2526', 'AKL', 'SISWA1009', 'CBT12345', 'siswa', 1),
(1010, 'K01030098259647', 'MAELANI', 'X AKL 1_STS_2526', 'AKL', 'SISWA1010', 'CBT12345', 'siswa', 1),
(1011, 'K01030098259648', 'MARCHA DELIA ASTARI', 'X AKL 1_STS_2526', 'AKL', 'SISWA1011', 'CBT12345', 'siswa', 1),
(1012, 'K01030098259649', 'MELLDYA TERANIA', 'X AKL 1_STS_2526', 'AKL', 'SISWA1012', 'CBT12345', 'siswa', 1),
(1013, 'K01030098259650', 'MUHAMMAD RAMADHAN', 'X AKL 1_STS_2526', 'AKL', 'SISWA1013', 'CBT12345', 'siswa', 1),
(1014, 'K01030098259651', 'NABILA GUNAWAN', 'X AKL 1_STS_2526', 'AKL', 'SISWA1014', 'CBT12345', 'siswa', 1),
(1015, 'K01030098259653', 'RIKI', 'X AKL 1_STS_2526', 'AKL', 'SISWA1015', 'CBT12345', 'siswa', 1),
(1016, 'K01030098259654', 'RIOVANO DUDIKOV', 'X AKL 1_STS_2526', 'AKL', 'SISWA1016', 'CBT12345', 'siswa', 1),
(1017, 'K01030098259821', 'RIZKY JOHNTIN PRATAMA', 'X AKL 1_STS_2526', 'AKL', 'SISWA1017', 'CBT12345', 'siswa', 1),
(1018, 'K01030098259656', 'SILVIA', 'X AKL 1_STS_2526', 'AKL', 'SISWA1018', 'CBT12345', 'siswa', 1),
(1019, 'K01030098259810', 'SITI NAZWA', 'X AKL 1_STS_2526', 'AKL', 'SISWA1019', 'CBT12345', 'siswa', 1),
(1020, 'K01030098259657', 'SYAFINA NAHLA ALTAFIZA', 'X AKL 1_STS_2526', 'AKL', 'SISWA1020', 'CBT12345', 'siswa', 1),
(1021, 'K01030098259658', 'SYIFA ALFI WIRATNA', 'X AKL 1_STS_2526', 'AKL', 'SISWA1021', 'CBT12345', 'siswa', 1),
(1022, 'K01030098259659', 'TENSA YUNIARTA', 'X AKL 1_STS_2526', 'AKL', 'SISWA1022', 'CBT12345', 'siswa', 1),
(1023, 'K01030098259660', 'VALDI IMMANUEL', 'X AKL 1_STS_2526', 'AKL', 'SISWA1023', 'CBT12345', 'siswa', 1),
(1024, 'K01030098259825', 'VIDI ARDABILLY', 'X AKL 1_STS_2526', 'AKL', 'SISWA1024', 'CBT12345', 'siswa', 1),
(1025, 'K01030098259661', 'YOSELA DEWI AMELIA', 'X AKL 1_STS_2526', 'AKL', 'SISWA1025', 'CBT12345', 'siswa', 1),
(1026, 'K01030098259662', 'ZAHRA RASTA FARA', 'X AKL 1_STS_2526', 'AKL', 'SISWA1026', 'CBT12345', 'siswa', 1),
(1027, 'K01030098259663', 'ZEFANYA ANASTASYA YUSUF', 'X AKL 1_STS_2526', 'AKL', 'SISWA1027', 'CBT12345', 'siswa', 1),
(1028, 'K01030098259664', 'ZHAKY VELINO HERYANSYAH', 'X AKL 1_STS_2526', 'AKL', 'SISWA1028', 'CBT12345', 'siswa', 1),
(1029, 'K01030098259665', 'ANGELIKA TANALIE', 'X AKL 2_STS_2526', 'AKL', 'SISWA1029', 'CBT12345', 'siswa', 1),
(1030, 'K01030098259666', 'ANNISA SITI NUR AZIZAH', 'X AKL 2_STS_2526', 'AKL', 'SISWA1030', 'CBT12345', 'siswa', 1),
(1031, 'K01030098259667', 'AURELIA OKTAVIANI', 'X AKL 2_STS_2526', 'AKL', 'SISWA1031', 'CBT12345', 'siswa', 1),
(1032, 'K01030098259668', 'CHENYLAURA PATRISIA', 'X AKL 2_STS_2526', 'AKL', 'SISWA1032', 'CBT12345', 'siswa', 1),
(1033, 'K01030098259669', 'DEVIN MARLIO', 'X AKL 2_STS_2526', 'AKL', 'SISWA1033', 'CBT12345', 'siswa', 1),
(1034, 'K01030098259670', 'DHAVINA ALZAHWA SAFITRI', 'X AKL 2_STS_2526', 'AKL', 'SISWA1034', 'CBT12345', 'siswa', 1),
(1035, 'K01030098259671', 'FARDHAN ADHASA', 'X AKL 2_STS_2526', 'AKL', 'SISWA1035', 'CBT12345', 'siswa', 1),
(1036, 'K01030098259672', 'FERNANDO FERDERICK VALENTINO', 'X AKL 2_STS_2526', 'AKL', 'SISWA1036', 'CBT12345', 'siswa', 1),
(1037, 'K01030098259673', 'GHAZILA JAUZA AULIA', 'X AKL 2_STS_2526', 'AKL', 'SISWA1037', 'CBT12345', 'siswa', 1),
(1038, 'K01030098259674', 'KEYSA TRI UTAMI', 'X AKL 2_STS_2526', 'AKL', 'SISWA1038', 'CBT12345', 'siswa', 1),
(1039, 'K01030098259675', 'Keyza Noviandra Putri', 'X AKL 2_STS_2526', 'AKL', 'SISWA1039', 'CBT12345', 'siswa', 1),
(1040, 'K01030098259676', 'MUHAMMAD ZACKY IRVANSYAH', 'X AKL 2_STS_2526', 'AKL', 'SISWA1040', 'CBT12345', 'siswa', 1),
(1041, 'K01030098259677', 'MULIA KHAIRUN NISA', 'X AKL 2_STS_2526', 'AKL', 'SISWA1041', 'CBT12345', 'siswa', 1),
(1042, 'K01030098259678', 'NAFEZA ANDENA SENJANI', 'X AKL 2_STS_2526', 'AKL', 'SISWA1042', 'CBT12345', 'siswa', 1),
(1043, 'K01030098259680', 'NURHAENI', 'X AKL 2_STS_2526', 'AKL', 'SISWA1043', 'CBT12345', 'siswa', 1),
(1044, 'K01030098259681', 'PRINCESSA AELIS', 'X AKL 2_STS_2526', 'AKL', 'SISWA1044', 'CBT12345', 'siswa', 1),
(1045, 'K01030098259683', 'RIYAN DAMARSYAH', 'X AKL 2_STS_2526', 'AKL', 'SISWA1045', 'CBT12345', 'siswa', 1),
(1046, 'K01030098259684', 'SILVA JULIAN PRATIKHA', 'X AKL 2_STS_2526', 'AKL', 'SISWA1046', 'CBT12345', 'siswa', 1),
(1047, 'K01030098259685', 'SUNINESIH', 'X AKL 2_STS_2526', 'AKL', 'SISWA1047', 'CBT12345', 'siswa', 1),
(1048, 'K01030098259686', 'SYROJI FAUZI', 'X AKL 2_STS_2526', 'AKL', 'SISWA1048', 'CBT12345', 'siswa', 1),
(1049, 'K01030098259687', 'TANIA SAUSAN MAHARANI', 'X AKL 2_STS_2526', 'AKL', 'SISWA1049', 'CBT12345', 'siswa', 1),
(1050, 'K01030098259689', 'ZAHIRA SALSABILA SUSILO', 'X AKL 2_STS_2526', 'AKL', 'SISWA1050', 'CBT12345', 'siswa', 1),
(1051, 'K01030098259690', 'ZAHRA NUR OKTAVIANI', 'X AKL 2_STS_2526', 'AKL', 'SISWA1051', 'CBT12345', 'siswa', 1),
(1052, 'K01030098259691', 'ZHAKY RAHMADAN PUTRA', 'X AKL 2_STS_2526', 'AKL', 'SISWA1052', 'CBT12345', 'siswa', 1),
(1053, 'K01030098259598', 'ADAM FAUZI', 'X DKV_STS_2526', 'DKV', 'SISWA1053', 'CBT12345', 'siswa', 1),
(1054, 'K01030098259599', 'ADITYA PRASETYO', 'X DKV_STS_2526', 'DKV', 'SISWA1054', 'CBT12345', 'siswa', 1),
(1055, 'K01030098259600', 'ALDAN TRIWINATA', 'X DKV_STS_2526', 'DKV', 'SISWA1055', 'CBT12345', 'siswa', 1),
(1056, 'K01030098259601', 'ALIFCA DESTYAR RAHAYU', 'X DKV_STS_2526', 'DKV', 'SISWA1056', 'CBT12345', 'siswa', 1),
(1057, 'K01030098259602', 'ALSYAFI PUTRA CHAILY', 'X DKV_STS_2526', 'DKV', 'SISWA1057', 'CBT12345', 'siswa', 1),
(1058, 'K01030098259603', 'ANANDA LUFHFI HANIFAH', 'X DKV_STS_2526', 'DKV', 'SISWA1058', 'CBT12345', 'siswa', 1),
(1059, 'K01030098259604', 'ARJUNA IBRAHIM', 'X DKV_STS_2526', 'DKV', 'SISWA1059', 'CBT12345', 'siswa', 1),
(1060, 'K01030098259605', 'AZRIEL RAHARDIAN DIRMANSYAH', 'X DKV_STS_2526', 'DKV', 'SISWA1060', 'CBT12345', 'siswa', 1),
(1061, 'K01030098259606', 'AZZAHRAH PUTERI SETIAWAN', 'X DKV_STS_2526', 'DKV', 'SISWA1061', 'CBT12345', 'siswa', 1),
(1062, 'K01030098259607', 'CANTIK LAURA HIDAYAT', 'X DKV_STS_2526', 'DKV', 'SISWA1062', 'CBT12345', 'siswa', 1),
(1063, 'K01030098259608', 'DAMAR DIRGANTARA', 'X DKV_STS_2526', 'DKV', 'SISWA1063', 'CBT12345', 'siswa', 1),
(1064, 'K01030098259609', 'DEDE FIRMASYAH', 'X DKV_STS_2526', 'DKV', 'SISWA1064', 'CBT12345', 'siswa', 1),
(1065, 'K01030098259812', 'DENI WILDAN SAPUTRA', 'X DKV_STS_2526', 'DKV', 'SISWA1065', 'CBT12345', 'siswa', 1),
(1066, 'K01030098259610', 'DEVAN SYAEFUL RAMDHANY', 'X DKV_STS_2526', 'DKV', 'SISWA1066', 'CBT12345', 'siswa', 1),
(1067, 'K01030098259611', 'DICKA FERDINAND', 'X DKV_STS_2526', 'DKV', 'SISWA1067', 'CBT12345', 'siswa', 1),
(1068, 'K01030098259612', 'DORAY SINGAM', 'X DKV_STS_2526', 'DKV', 'SISWA1068', 'CBT12345', 'siswa', 1),
(1069, 'K01030098259613', 'EIFFEL LATEEFA QUEENARA', 'X DKV_STS_2526', 'DKV', 'SISWA1069', 'CBT12345', 'siswa', 1),
(1070, 'K01030098259614', 'FATHANIA KHAIRUNNISA SUBHANA', 'X DKV_STS_2526', 'DKV', 'SISWA1070', 'CBT12345', 'siswa', 1),
(1071, 'K01030098259811', 'GHIO FARLAN ANANDA', 'X DKV_STS_2526', 'DKV', 'SISWA1071', 'CBT12345', 'siswa', 1),
(1072, 'K01030098259615', 'HAFIDZI SIROJUDDIN', 'X DKV_STS_2526', 'DKV', 'SISWA1072', 'CBT12345', 'siswa', 1),
(1073, 'K01030098259616', 'HAFIT MARDIANSYAH', 'X DKV_STS_2526', 'DKV', 'SISWA1073', 'CBT12345', 'siswa', 1),
(1074, 'K01030098259617', 'HANIF REVANDI', 'X DKV_STS_2526', 'DKV', 'SISWA1074', 'CBT12345', 'siswa', 1),
(1075, 'K01030098259618', 'HANIFAH MUNFIKOH', 'X DKV_STS_2526', 'DKV', 'SISWA1075', 'CBT12345', 'siswa', 1),
(1076, 'K01030098259619', 'INNAYAH KHANZA ARRIZQIYAH', 'X DKV_STS_2526', 'DKV', 'SISWA1076', 'CBT12345', 'siswa', 1),
(1077, 'K01030098259620', 'INUYASHA', 'X DKV_STS_2526', 'DKV', 'SISWA1077', 'CBT12345', 'siswa', 1),
(1078, 'K01030098259621', 'MUHAMAD HUSEN', 'X DKV_STS_2526', 'DKV', 'SISWA1078', 'CBT12345', 'siswa', 1),
(1079, 'K01030098259622', 'NAISIKA RAMADHANI', 'X DKV_STS_2526', 'DKV', 'SISWA1079', 'CBT12345', 'siswa', 1),
(1080, 'K01030098259623', 'NATHANAEL WYLSON ORLANDO', 'X DKV_STS_2526', 'DKV', 'SISWA1080', 'CBT12345', 'siswa', 1),
(1081, 'K01030098259624', 'NICKOLAS SYAH PUTRA', 'X DKV_STS_2526', 'DKV', 'SISWA1081', 'CBT12345', 'siswa', 1),
(1082, 'K01030098259625', 'NUR NAJMI LAILA ROCHMAH', 'X DKV_STS_2526', 'DKV', 'SISWA1082', 'CBT12345', 'siswa', 1),
(1083, 'K01030098259626', 'PANDU ARI DWI HANDIKA', 'X DKV_STS_2526', 'DKV', 'SISWA1083', 'CBT12345', 'siswa', 1),
(1084, 'K01030098259627', 'Prabu Kian Santang', 'X DKV_STS_2526', 'DKV', 'SISWA1084', 'CBT12345', 'siswa', 1),
(1085, 'K01030098259628', 'PUTRI SAFA APRILIA', 'X DKV_STS_2526', 'DKV', 'SISWA1085', 'CBT12345', 'siswa', 1),
(1086, 'K01030098259629', 'RADIT SANJAYA PUTRA', 'X DKV_STS_2526', 'DKV', 'SISWA1086', 'CBT12345', 'siswa', 1),
(1087, 'K01030098259630', 'RIZKIAH PUTRI HARDIANTI', 'X DKV_STS_2526', 'DKV', 'SISWA1087', 'CBT12345', 'siswa', 1),
(1088, 'K01030098259631', 'RIZQI RAYANA HIDAYAT', 'X DKV_STS_2526', 'DKV', 'SISWA1088', 'CBT12345', 'siswa', 1),
(1089, 'K01030098259632', 'SALMA PUTRI ZAHRA', 'X DKV_STS_2526', 'DKV', 'SISWA1089', 'CBT12345', 'siswa', 1),
(1090, 'K01030098259633', 'SALMAN HARIRI FADHURRAHMAN', 'X DKV_STS_2526', 'DKV', 'SISWA1090', 'CBT12345', 'siswa', 1),
(1091, 'K01030098259634', 'SALWA YULIANDA AGUSTIN', 'X DKV_STS_2526', 'DKV', 'SISWA1091', 'CBT12345', 'siswa', 1),
(1092, 'K01030098259635', 'SAMUEL GERALDYN', 'X DKV_STS_2526', 'DKV', 'SISWA1092', 'CBT12345', 'siswa', 1),
(1093, 'K01030098259637', 'YURIEL JOVANNY JOHNSON', 'X DKV_STS_2526', 'DKV', 'SISWA1093', 'CBT12345', 'siswa', 1),
(1094, 'K01030098259692', 'Agnes Herlina Chintia Ningrum', 'X MPLB 1_STS_2526', 'MPLB', 'SISWA1094', 'CBT12345', 'siswa', 1),
(1095, 'K01030098259693', 'AISYAH NURFADILLAH', 'X MPLB 1_STS_2526', 'MPLB', 'SISWA1095', 'CBT12345', 'siswa', 1),
(1096, 'K01030098259694', 'AJENG NUR AMINAH', 'X MPLB 1_STS_2526', 'MPLB', 'SISWA1096', 'CBT12345', 'siswa', 1),
(1097, 'K01030098259695', 'ALYCIA PUTRI MAHARANI', 'X MPLB 1_STS_2526', 'MPLB', 'SISWA1097', 'CBT12345', 'siswa', 1),
(1098, 'K01030098259696', 'Amelia', 'X MPLB 1_STS_2526', 'MPLB', 'SISWA1098', 'CBT12345', 'siswa', 1),
(1099, 'K01030098259697', 'ANINDYA PUTRI RAMADHANI', 'X MPLB 1_STS_2526', 'MPLB', 'SISWA1099', 'CBT12345', 'siswa', 1),
(1100, 'K01030098259815', 'ANISSA GISELLA', 'X MPLB 1_STS_2526', 'MPLB', 'SISWA1100', 'CBT12345', 'siswa', 1),
(1101, 'K01030098259698', 'Arsha Fidela Azizi', 'X MPLB 1_STS_2526', 'MPLB', 'SISWA1101', 'CBT12345', 'siswa', 1),
(1102, 'K01030098259699', 'ASYIFA OKTAVIANI', 'X MPLB 1_STS_2526', 'MPLB', 'SISWA1102', 'CBT12345', 'siswa', 1),
(1103, 'K01030098259700', 'AULIA FATIH HAWA', 'X MPLB 1_STS_2526', 'MPLB', 'SISWA1103', 'CBT12345', 'siswa', 1),
(1104, 'K01030098259701', 'AURELIA INTAN ELVYRYANTI', 'X MPLB 1_STS_2526', 'MPLB', 'SISWA1104', 'CBT12345', 'siswa', 1),
(1105, 'K01030098259702', 'AZZAHRAH NURMUFIDAH', 'X MPLB 1_STS_2526', 'MPLB', 'SISWA1105', 'CBT12345', 'siswa', 1),
(1106, 'K01030098259703', 'CALYA ADHYA PUTRI', 'X MPLB 1_STS_2526', 'MPLB', 'SISWA1106', 'CBT12345', 'siswa', 1),
(1107, 'K01030098259704', 'DEFHITA JULIA CAHAYA', 'X MPLB 1_STS_2526', 'MPLB', 'SISWA1107', 'CBT12345', 'siswa', 1),
(1108, 'K01030098259705', 'DINI ANGGRAINI', 'X MPLB 1_STS_2526', 'MPLB', 'SISWA1108', 'CBT12345', 'siswa', 1),
(1109, 'K01030098259706', 'ELISYA JULYANA FATRICYA GULTOM', 'X MPLB 1_STS_2526', 'MPLB', 'SISWA1109', 'CBT12345', 'siswa', 1),
(1110, 'K01030098259707', 'ELVIRA NANDYA PUTRI', 'X MPLB 1_STS_2526', 'MPLB', 'SISWA1110', 'CBT12345', 'siswa', 1),
(1111, 'K01030098259708', 'FITRI OKTAFIANI', 'X MPLB 1_STS_2526', 'MPLB', 'SISWA1111', 'CBT12345', 'siswa', 1),
(1112, 'K01030098259709', 'HAURA FARRAS RIYADI', 'X MPLB 1_STS_2526', 'MPLB', 'SISWA1112', 'CBT12345', 'siswa', 1),
(1113, 'K01030098259710', 'ISHMAH', 'X MPLB 1_STS_2526', 'MPLB', 'SISWA1113', 'CBT12345', 'siswa', 1),
(1114, 'K01030098259711', 'JELITA AURELLIA', 'X MPLB 1_STS_2526', 'MPLB', 'SISWA1114', 'CBT12345', 'siswa', 1),
(1115, 'K01030098259712', 'JESI NADIA PUTRI', 'X MPLB 1_STS_2526', 'MPLB', 'SISWA1115', 'CBT12345', 'siswa', 1),
(1116, 'K01030098259713', 'KHEYLA LUCRETIA KEMUNING', 'X MPLB 1_STS_2526', 'MPLB', 'SISWA1116', 'CBT12345', 'siswa', 1),
(1117, 'K01030098259714', 'LUTFIA HEPPY SAFITRI', 'X MPLB 1_STS_2526', 'MPLB', 'SISWA1117', 'CBT12345', 'siswa', 1),
(1118, 'K01030098259715', 'MALA SARI CAHYADI', 'X MPLB 1_STS_2526', 'MPLB', 'SISWA1118', 'CBT12345', 'siswa', 1),
(1119, 'K01030098259716', 'Marsya Aprilia', 'X MPLB 1_STS_2526', 'MPLB', 'SISWA1119', 'CBT12345', 'siswa', 1),
(1120, 'K01030098259717', 'MEGA APRILLIA', 'X MPLB 1_STS_2526', 'MPLB', 'SISWA1120', 'CBT12345', 'siswa', 1),
(1121, 'K01030098259718', 'Melisa Amanda Putri', 'X MPLB 1_STS_2526', 'MPLB', 'SISWA1121', 'CBT12345', 'siswa', 1),
(1122, 'K01030098259719', 'NABILA NAZWA AZAHRA', 'X MPLB 1_STS_2526', 'MPLB', 'SISWA1122', 'CBT12345', 'siswa', 1),
(1123, 'K01030098259720', 'PRICILLIA INA BULU LIUNESI', 'X MPLB 1_STS_2526', 'MPLB', 'SISWA1123', 'CBT12345', 'siswa', 1),
(1124, 'K01030098259721', 'PUTU DESI APRIL YANI', 'X MPLB 1_STS_2526', 'MPLB', 'SISWA1124', 'CBT12345', 'siswa', 1),
(1125, 'K01030098259722', 'REVA MAYA SAPUTRI', 'X MPLB 1_STS_2526', 'MPLB', 'SISWA1125', 'CBT12345', 'siswa', 1),
(1126, 'K01030098259723', 'RISTI DAMAYANTI', 'X MPLB 1_STS_2526', 'MPLB', 'SISWA1126', 'CBT12345', 'siswa', 1),
(1127, 'K01030098259724', 'RIZKA RACHMANIA', 'X MPLB 1_STS_2526', 'MPLB', 'SISWA1127', 'CBT12345', 'siswa', 1),
(1128, 'K01030098259725', 'ROSA MARDIANA SARI', 'X MPLB 1_STS_2526', 'MPLB', 'SISWA1128', 'CBT12345', 'siswa', 1),
(1129, 'K01030098259726', 'SENA ALPIAH', 'X MPLB 1_STS_2526', 'MPLB', 'SISWA1129', 'CBT12345', 'siswa', 1),
(1130, 'K01030098259727', 'SYIFA PUTRI AQIILAH', 'X MPLB 1_STS_2526', 'MPLB', 'SISWA1130', 'CBT12345', 'siswa', 1),
(1131, 'K01030098259728', 'VEBY SYAFIRA', 'X MPLB 1_STS_2526', 'MPLB', 'SISWA1131', 'CBT12345', 'siswa', 1),
(1132, 'K01030098259729', 'VERLITA CHANDRA', 'X MPLB 1_STS_2526', 'MPLB', 'SISWA1132', 'CBT12345', 'siswa', 1),
(1133, 'K01030098259730', 'VIOLA OKTAVIANI', 'X MPLB 1_STS_2526', 'MPLB', 'SISWA1133', 'CBT12345', 'siswa', 1),
(1134, 'K01030098259732', 'AL\'LANIS AWALI PUTRI', 'X MPLB 2_STS_2526', 'MPLB', 'SISWA1134', 'CBT12345', 'siswa', 1),
(1135, 'K01030098259733', 'ALISIA NURRIZKI', 'X MPLB 2_STS_2526', 'MPLB', 'SISWA1135', 'CBT12345', 'siswa', 1),
(1136, 'K01030098259734', 'ALIYAH ALMAHIRAH', 'X MPLB 2_STS_2526', 'MPLB', 'SISWA1136', 'CBT12345', 'siswa', 1),
(1137, 'K01030098259735', 'AMELIA PUTRI', 'X MPLB 2_STS_2526', 'MPLB', 'SISWA1137', 'CBT12345', 'siswa', 1),
(1138, 'K01030098259736', 'ANNA ASSYFA', 'X MPLB 2_STS_2526', 'MPLB', 'SISWA1138', 'CBT12345', 'siswa', 1),
(1139, 'K01030098259737', 'ARUMI NEISHYA WARDHANI', 'X MPLB 2_STS_2526', 'MPLB', 'SISWA1139', 'CBT12345', 'siswa', 1),
(1140, 'K01030098259738', 'AULIA RAMADHANI', 'X MPLB 2_STS_2526', 'MPLB', 'SISWA1140', 'CBT12345', 'siswa', 1),
(1141, 'K01030098259739', 'BELLA LESTARI', 'X MPLB 2_STS_2526', 'MPLB', 'SISWA1141', 'CBT12345', 'siswa', 1),
(1142, 'K01030098259740', 'CALISTA ISNA AULIA', 'X MPLB 2_STS_2526', 'MPLB', 'SISWA1142', 'CBT12345', 'siswa', 1),
(1143, 'K01030098259741', 'DELLA SABRINA', 'X MPLB 2_STS_2526', 'MPLB', 'SISWA1143', 'CBT12345', 'siswa', 1),
(1144, 'K01030098259742', 'ESA ANGELIA', 'X MPLB 2_STS_2526', 'MPLB', 'SISWA1144', 'CBT12345', 'siswa', 1),
(1145, 'K01030098259743', 'INASYA DEKA NOVIANI', 'X MPLB 2_STS_2526', 'MPLB', 'SISWA1145', 'CBT12345', 'siswa', 1),
(1146, 'K01030098259744', 'JAHRA OKTAVIANI', 'X MPLB 2_STS_2526', 'MPLB', 'SISWA1146', 'CBT12345', 'siswa', 1),
(1147, 'K01030098259745', 'JANISYA DINDA SOFIYUDIN', 'X MPLB 2_STS_2526', 'MPLB', 'SISWA1147', 'CBT12345', 'siswa', 1),
(1148, 'K01030098259746', 'KAYLA NAURA SYAFIRA', 'X MPLB 2_STS_2526', 'MPLB', 'SISWA1148', 'CBT12345', 'siswa', 1),
(1149, 'K01030098259747', 'KHIRAN KASIH RUSTANDI', 'X MPLB 2_STS_2526', 'MPLB', 'SISWA1149', 'CBT12345', 'siswa', 1),
(1150, 'K01030098259748', 'MADINA HIKMA KAMELIA', 'X MPLB 2_STS_2526', 'MPLB', 'SISWA1150', 'CBT12345', 'siswa', 1),
(1151, 'K01030098259749', 'MARSHA YUSNIA PUTRI', 'X MPLB 2_STS_2526', 'MPLB', 'SISWA1151', 'CBT12345', 'siswa', 1),
(1152, 'K01030098259750', 'MASDINAR', 'X MPLB 2_STS_2526', 'MPLB', 'SISWA1152', 'CBT12345', 'siswa', 1),
(1153, 'K01030098259751', 'MISKAH KHOIRUNISA BANI', 'X MPLB 2_STS_2526', 'MPLB', 'SISWA1153', 'CBT12345', 'siswa', 1),
(1154, 'K01030098259752', 'NADINE ZAHRATUNNISSA ARIYANDI', 'X MPLB 2_STS_2526', 'MPLB', 'SISWA1154', 'CBT12345', 'siswa', 1),
(1155, 'K01030098259753', 'NAFIDZAH SURIDA', 'X MPLB 2_STS_2526', 'MPLB', 'SISWA1155', 'CBT12345', 'siswa', 1),
(1156, 'K01030098259754', 'NAYLA RIFAYA SYAHIRA', 'X MPLB 2_STS_2526', 'MPLB', 'SISWA1156', 'CBT12345', 'siswa', 1),
(1157, 'K01030098259755', 'PUTRI EKA OKTAPIANA', 'X MPLB 2_STS_2526', 'MPLB', 'SISWA1157', 'CBT12345', 'siswa', 1),
(1158, 'K01030098259756', 'RAHAYU CONDRO WATI', 'X MPLB 2_STS_2526', 'MPLB', 'SISWA1158', 'CBT12345', 'siswa', 1),
(1159, 'K01030098259757', 'RATU VALLENCYA ENOSA', 'X MPLB 2_STS_2526', 'MPLB', 'SISWA1159', 'CBT12345', 'siswa', 1),
(1160, 'K01030098259758', 'REGITA SALSA AULIA', 'X MPLB 2_STS_2526', 'MPLB', 'SISWA1160', 'CBT12345', 'siswa', 1),
(1161, 'K01030098259759', 'RINDY OLIVIA', 'X MPLB 2_STS_2526', 'MPLB', 'SISWA1161', 'CBT12345', 'siswa', 1),
(1162, 'K01030098259760', 'RISKA INDRIYANI', 'X MPLB 2_STS_2526', 'MPLB', 'SISWA1162', 'CBT12345', 'siswa', 1),
(1163, 'K01030098259761', 'SEVIA SAFITRI', 'X MPLB 2_STS_2526', 'MPLB', 'SISWA1163', 'CBT12345', 'siswa', 1),
(1164, 'K01030098259762', 'Shella Handini', 'X MPLB 2_STS_2526', 'MPLB', 'SISWA1164', 'CBT12345', 'siswa', 1),
(1165, 'K01030098259763', 'SHIFA FITRI RAMADHANI', 'X MPLB 2_STS_2526', 'MPLB', 'SISWA1165', 'CBT12345', 'siswa', 1),
(1166, 'K01030098259764', 'SITI HARDIYATI', 'X MPLB 2_STS_2526', 'MPLB', 'SISWA1166', 'CBT12345', 'siswa', 1),
(1167, 'K01030098259765', 'SITI NUR AINI JULIA', 'X MPLB 2_STS_2526', 'MPLB', 'SISWA1167', 'CBT12345', 'siswa', 1),
(1168, 'K01030098259766', 'Vanessa Damayanti', 'X MPLB 2_STS_2526', 'MPLB', 'SISWA1168', 'CBT12345', 'siswa', 1),
(1169, 'K01030098259767', 'VANNEZIA JAYANTO', 'X MPLB 2_STS_2526', 'MPLB', 'SISWA1169', 'CBT12345', 'siswa', 1),
(1170, 'K01030098259768', 'Widi Asri Stianingrum', 'X MPLB 2_STS_2526', 'MPLB', 'SISWA1170', 'CBT12345', 'siswa', 1),
(1171, 'K01030098259769', 'YULIS APRILIA', 'X MPLB 2_STS_2526', 'MPLB', 'SISWA1171', 'CBT12345', 'siswa', 1),
(1172, 'K01030098259770', 'ZAHRA CARISSA IRAWAN', 'X MPLB 2_STS_2526', 'MPLB', 'SISWA1172', 'CBT12345', 'siswa', 1),
(1173, 'K01030098259771', 'ZASKIA IRMAULIA', 'X MPLB 2_STS_2526', 'MPLB', 'SISWA1173', 'CBT12345', 'siswa', 1),
(1174, 'K01030098259772', 'ADITIYA RISKI ANTONI', 'X PM_STS_2526', 'PM', 'SISWA1174', 'CBT12345', 'siswa', 1),
(1175, 'K01030098259773', 'AL FAIZA RIDHIK FA\'ADILLAH', 'X PM_STS_2526', 'PM', 'SISWA1175', 'CBT12345', 'siswa', 1),
(1176, 'K01030098259774', 'ALFINO SUHANDI', 'X PM_STS_2526', 'PM', 'SISWA1176', 'CBT12345', 'siswa', 1),
(1177, 'K01030098259775', 'Dinda Leustari', 'X PM_STS_2526', 'PM', 'SISWA1177', 'CBT12345', 'siswa', 1),
(1178, 'K01030098259776', 'DWI ADJIE SAPUTRA', 'X PM_STS_2526', 'PM', 'SISWA1178', 'CBT12345', 'siswa', 1),
(1179, 'K01030098259777', 'ERLAND JAUZA AL YUSRO', 'X PM_STS_2526', 'PM', 'SISWA1179', 'CBT12345', 'siswa', 1),
(1180, 'K01030098259778', 'FAIS SYAHIDAN', 'X PM_STS_2526', 'PM', 'SISWA1180', 'CBT12345', 'siswa', 1),
(1181, 'K01030098259779', 'FAJAR DWI SAPUTRA', 'X PM_STS_2526', 'PM', 'SISWA1181', 'CBT12345', 'siswa', 1),
(1182, 'K01030098259780', 'FAJRI IRDIANSYAH', 'X PM_STS_2526', 'PM', 'SISWA1182', 'CBT12345', 'siswa', 1),
(1183, 'K01030098259781', 'FATHONI FEBRIANTO', 'X PM_STS_2526', 'PM', 'SISWA1183', 'CBT12345', 'siswa', 1),
(1184, 'K01030098259782', 'FATIH ALTAF', 'X PM_STS_2526', 'PM', 'SISWA1184', 'CBT12345', 'siswa', 1),
(1185, 'K01030098259783', 'IKHWAL SAPUTRA', 'X PM_STS_2526', 'PM', 'SISWA1185', 'CBT12345', 'siswa', 1),
(1186, 'K01030098259784', 'JALALLUDIN AL AFGHANI', 'X PM_STS_2526', 'PM', 'SISWA1186', 'CBT12345', 'siswa', 1),
(1187, 'K01030098259785', 'KEYSHA ALTHAFUNISA', 'X PM_STS_2526', 'PM', 'SISWA1187', 'CBT12345', 'siswa', 1),
(1188, 'K01030098259786', 'KEYZA NIRWANDA', 'X PM_STS_2526', 'PM', 'SISWA1188', 'CBT12345', 'siswa', 1),
(1189, 'K01030098259787', 'LEON ZILKY', 'X PM_STS_2526', 'PM', 'SISWA1189', 'CBT12345', 'siswa', 1),
(1190, 'K01030098259788', 'MANDA PIRMANSAH', 'X PM_STS_2526', 'PM', 'SISWA1190', 'CBT12345', 'siswa', 1),
(1191, 'K01030098259789', 'MARCELL', 'X PM_STS_2526', 'PM', 'SISWA1191', 'CBT12345', 'siswa', 1),
(1192, 'K01030098259790', 'MAULANA ABDY NEGARA', 'X PM_STS_2526', 'PM', 'SISWA1192', 'CBT12345', 'siswa', 1),
(1193, 'K01030098259791', 'Michel Angelina', 'X PM_STS_2526', 'PM', 'SISWA1193', 'CBT12345', 'siswa', 1),
(1194, 'K01030098259813', 'Muhamad Ilham', 'X PM_STS_2526', 'PM', 'SISWA1194', 'CBT12345', 'siswa', 1),
(1195, 'K01030098259792', 'MUHAMAD SUPARNA', 'X PM_STS_2526', 'PM', 'SISWA1195', 'CBT12345', 'siswa', 1),
(1196, 'K01030098259793', 'NIRMALA DAHAYU HAIBAH VEDA', 'X PM_STS_2526', 'PM', 'SISWA1196', 'CBT12345', 'siswa', 1),
(1197, 'K01030098259794', 'NOVA DWIYANTI', 'X PM_STS_2526', 'PM', 'SISWA1197', 'CBT12345', 'siswa', 1),
(1198, 'K01030098259795', 'NOVAL ARMANSYAH', 'X PM_STS_2526', 'PM', 'SISWA1198', 'CBT12345', 'siswa', 1),
(1199, 'K01030098259796', 'NUR FAUZIAH', 'X PM_STS_2526', 'PM', 'SISWA1199', 'CBT12345', 'siswa', 1),
(1200, 'K01030098259798', 'RAHMA AULIA', 'X PM_STS_2526', 'PM', 'SISWA1200', 'CBT12345', 'siswa', 1),
(1201, 'K01030098259799', 'Razqa Ramadhan', 'X PM_STS_2526', 'PM', 'SISWA1201', 'CBT12345', 'siswa', 1),
(1202, 'K01030098259800', 'RENO PANCA PUTRANTO', 'X PM_STS_2526', 'PM', 'SISWA1202', 'CBT12345', 'siswa', 1),
(1203, 'K01030098259801', 'REYHAN AL JIKRI', 'X PM_STS_2526', 'PM', 'SISWA1203', 'CBT12345', 'siswa', 1),
(1204, 'K01030098259802', 'RIVAI ALVARIZKY', 'X PM_STS_2526', 'PM', 'SISWA1204', 'CBT12345', 'siswa', 1),
(1205, 'K01030098259803', 'RIYAN ALDI', 'X PM_STS_2526', 'PM', 'SISWA1205', 'CBT12345', 'siswa', 1),
(1206, 'K01030098259804', 'RORO AJENG', 'X PM_STS_2526', 'PM', 'SISWA1206', 'CBT12345', 'siswa', 1),
(1207, 'K01030098259805', 'SEBASTIAN IKHSAN HARUN', 'X PM_STS_2526', 'PM', 'SISWA1207', 'CBT12345', 'siswa', 1),
(1208, 'K01030098259806', 'SYLVIANA PUTRI RAMADHANI', 'X PM_STS_2526', 'PM', 'SISWA1208', 'CBT12345', 'siswa', 1),
(1209, 'K01030098259807', 'TASYA SEPTIANI', 'X PM_STS_2526', 'PM', 'SISWA1209', 'CBT12345', 'siswa', 1),
(1210, 'K01030098259808', 'VALDO IMMANUEL', 'X PM_STS_2526', 'PM', 'SISWA1210', 'CBT12345', 'siswa', 1),
(1211, 'K01030098259688', 'VIAN NANDA SAPUTRA', 'X PM_STS_2526', 'PM', 'SISWA1211', 'CBT12345', 'siswa', 1),
(1212, 'K01030098259809', 'VIZZA JUNIKE ELIZA', 'X PM_STS_2526', 'PM', 'SISWA1212', 'CBT12345', 'siswa', 1),
(1213, 'K01030098259434', 'ALDIEN ACHMAD KAMALUDIN', 'X TJKT 1_STS_2526', 'TJKT', 'SISWA1213', 'CBT12345', 'siswa', 1),
(1214, 'K01030098259435', 'Andika Ginaris Saputra', 'X TJKT 1_STS_2526', 'TJKT', 'SISWA1214', 'CBT12345', 'siswa', 1),
(1215, 'K01030098259436', 'ARIF ADI MAESA PUTRA', 'X TJKT 1_STS_2526', 'TJKT', 'SISWA1215', 'CBT12345', 'siswa', 1),
(1216, 'K01030098259437', 'ARYO SEPTIAN', 'X TJKT 1_STS_2526', 'TJKT', 'SISWA1216', 'CBT12345', 'siswa', 1),
(1217, 'K01030098259438', 'BAYU SAPUTRA', 'X TJKT 1_STS_2526', 'TJKT', 'SISWA1217', 'CBT12345', 'siswa', 1),
(1218, 'K01030098259439', 'BREVILEND VANDERLIP', 'X TJKT 1_STS_2526', 'TJKT', 'SISWA1218', 'CBT12345', 'siswa', 1),
(1219, 'K01030098259440', 'DAVI ALBANI ALFA REZA', 'X TJKT 1_STS_2526', 'TJKT', 'SISWA1219', 'CBT12345', 'siswa', 1),
(1220, 'K01030098259441', 'DENIS ADI SAPUTRA', 'X TJKT 1_STS_2526', 'TJKT', 'SISWA1220', 'CBT12345', 'siswa', 1),
(1221, 'K01030098259442', 'DEO DWI HARDIYANINGTYAS', 'X TJKT 1_STS_2526', 'TJKT', 'SISWA1221', 'CBT12345', 'siswa', 1),
(1222, 'K01030098259443', 'Faiz Ar-Rahman Qurrata\'ain', 'X TJKT 1_STS_2526', 'TJKT', 'SISWA1222', 'CBT12345', 'siswa', 1),
(1223, 'K01030098259444', 'FANDY PRATAMA', 'X TJKT 1_STS_2526', 'TJKT', 'SISWA1223', 'CBT12345', 'siswa', 1),
(1224, 'K01030098259445', 'FARIZ FERDIANSYAH', 'X TJKT 1_STS_2526', 'TJKT', 'SISWA1224', 'CBT12345', 'siswa', 1),
(1225, 'K01030098259446', 'FEBI ALAHAD', 'X TJKT 1_STS_2526', 'TJKT', 'SISWA1225', 'CBT12345', 'siswa', 1),
(1226, 'K01030098259447', 'HAFY MAESA SYAKIB', 'X TJKT 1_STS_2526', 'TJKT', 'SISWA1226', 'CBT12345', 'siswa', 1),
(1227, 'K01030098259448', 'HARLAN FADILLAH', 'X TJKT 1_STS_2526', 'TJKT', 'SISWA1227', 'CBT12345', 'siswa', 1),
(1228, 'K01030098259449', 'ILHAM BINTANG WIBOWO', 'X TJKT 1_STS_2526', 'TJKT', 'SISWA1228', 'CBT12345', 'siswa', 1),
(1229, 'K01030098259450', 'JIngga Vita Suhendra', 'X TJKT 1_STS_2526', 'TJKT', 'SISWA1229', 'CBT12345', 'siswa', 1),
(1230, 'K01030098259451', 'KADEK JIWA SAPUTRA', 'X TJKT 1_STS_2526', 'TJKT', 'SISWA1230', 'CBT12345', 'siswa', 1),
(1231, 'K01030098259452', 'LIONEL RIFQI CHANDRA', 'X TJKT 1_STS_2526', 'TJKT', 'SISWA1231', 'CBT12345', 'siswa', 1),
(1232, 'K01030098259453', 'LUCKY PRIYANTO', 'X TJKT 1_STS_2526', 'TJKT', 'SISWA1232', 'CBT12345', 'siswa', 1),
(1233, 'K01030098259454', 'MAULANA EKA PRATAMA', 'X TJKT 1_STS_2526', 'TJKT', 'SISWA1233', 'CBT12345', 'siswa', 1),
(1234, 'K01030098259455', 'MUHAMAD ALFARIZZI', 'X TJKT 1_STS_2526', 'TJKT', 'SISWA1234', 'CBT12345', 'siswa', 1),
(1235, 'K01030098259456', 'MUHAMAD ARYA WIGUNA', 'X TJKT 1_STS_2526', 'TJKT', 'SISWA1235', 'CBT12345', 'siswa', 1),
(1236, 'K01030098259457', 'MUHAMAD TRI SAEPUDIN', 'X TJKT 1_STS_2526', 'TJKT', 'SISWA1236', 'CBT12345', 'siswa', 1),
(1237, 'K01030098259458', 'MUHAMMAD ALFIAN', 'X TJKT 1_STS_2526', 'TJKT', 'SISWA1237', 'CBT12345', 'siswa', 1),
(1238, 'K01030098259459', 'MUHAMMAD FAHRI RAMADHAN', 'X TJKT 1_STS_2526', 'TJKT', 'SISWA1238', 'CBT12345', 'siswa', 1),
(1239, 'K01030098259460', 'MUHAMMAD IQBAL', 'X TJKT 1_STS_2526', 'TJKT', 'SISWA1239', 'CBT12345', 'siswa', 1),
(1240, 'K01030098259461', 'MUHAMMAD REYZHA ARRASYID', 'X TJKT 1_STS_2526', 'TJKT', 'SISWA1240', 'CBT12345', 'siswa', 1),
(1241, 'K01030098259462', 'MUHAMMAD RIZQY FIRMANSAH', 'X TJKT 1_STS_2526', 'TJKT', 'SISWA1241', 'CBT12345', 'siswa', 1),
(1242, 'K01030098259463', 'NAUFAL GUNAWAN', 'X TJKT 1_STS_2526', 'TJKT', 'SISWA1242', 'CBT12345', 'siswa', 1),
(1243, 'K01030098259464', 'PANDU MULIA HERDIAN', 'X TJKT 1_STS_2526', 'TJKT', 'SISWA1243', 'CBT12345', 'siswa', 1),
(1244, 'K01030098259465', 'RADIT ABDULATIP', 'X TJKT 1_STS_2526', 'TJKT', 'SISWA1244', 'CBT12345', 'siswa', 1),
(1245, 'K01030098259466', 'RASYAH PUTRA RAMADHAN', 'X TJKT 1_STS_2526', 'TJKT', 'SISWA1245', 'CBT12345', 'siswa', 1),
(1246, 'K01030098259467', 'REVALDO GUNAWAN', 'X TJKT 1_STS_2526', 'TJKT', 'SISWA1246', 'CBT12345', 'siswa', 1),
(1247, 'K01030098259468', 'RIFKI FIRMANSYAH', 'X TJKT 1_STS_2526', 'TJKT', 'SISWA1247', 'CBT12345', 'siswa', 1),
(1248, 'K01030098259469', 'RIZKY ADI SAPUTRO', 'X TJKT 1_STS_2526', 'TJKT', 'SISWA1248', 'CBT12345', 'siswa', 1),
(1249, 'K01030098259470', 'SUKIRAN', 'X TJKT 1_STS_2526', 'TJKT', 'SISWA1249', 'CBT12345', 'siswa', 1),
(1250, 'K01030098259471', 'TEGAR SAPUTRA', 'X TJKT 1_STS_2526', 'TJKT', 'SISWA1250', 'CBT12345', 'siswa', 1),
(1251, 'K01030098259472', 'Yopie Eva Nastalia', 'X TJKT 1_STS_2526', 'TJKT', 'SISWA1251', 'CBT12345', 'siswa', 1),
(1252, 'K01030098259473', 'ZIO VEGAS', 'X TJKT 1_STS_2526', 'TJKT', 'SISWA1252', 'CBT12345', 'siswa', 1),
(1253, 'K01030098259474', 'AHMAD RHOZAK', 'X TJKT 2_STS_2526', 'TJKT', 'SISWA1253', 'CBT12345', 'siswa', 1),
(1254, 'K01030098259475', 'AL HABIB HANAFI', 'X TJKT 2_STS_2526', 'TJKT', 'SISWA1254', 'CBT12345', 'siswa', 1),
(1255, 'K01030098259476', 'ANDHIKA BAGUS HARIADI', 'X TJKT 2_STS_2526', 'TJKT', 'SISWA1255', 'CBT12345', 'siswa', 1),
(1256, 'K01030098259477', 'Andry Fairuz', 'X TJKT 2_STS_2526', 'TJKT', 'SISWA1256', 'CBT12345', 'siswa', 1),
(1257, 'K01030098259478', 'ARAFFI PUTRA PRATAMA', 'X TJKT 2_STS_2526', 'TJKT', 'SISWA1257', 'CBT12345', 'siswa', 1),
(1258, 'K01030098259479', 'ARDAN GAZA AIDIN', 'X TJKT 2_STS_2526', 'TJKT', 'SISWA1258', 'CBT12345', 'siswa', 1),
(1259, 'K01030098259480', 'ARYA BINADI', 'X TJKT 2_STS_2526', 'TJKT', 'SISWA1259', 'CBT12345', 'siswa', 1),
(1260, 'K01030098259481', 'BAGAS NUR AFIAN', 'X TJKT 2_STS_2526', 'TJKT', 'SISWA1260', 'CBT12345', 'siswa', 1),
(1261, 'K01030098259482', 'CHAIRUL DARMAWAN', 'X TJKT 2_STS_2526', 'TJKT', 'SISWA1261', 'CBT12345', 'siswa', 1),
(1262, 'K01030098259483', 'DAVA SETIAWAN', 'X TJKT 2_STS_2526', 'TJKT', 'SISWA1262', 'CBT12345', 'siswa', 1),
(1263, 'K01030098259484', 'DHANI LAKSONO', 'X TJKT 2_STS_2526', 'TJKT', 'SISWA1263', 'CBT12345', 'siswa', 1),
(1264, 'K01030098259485', 'DIMAS WIBIAN WICAKSONO', 'X TJKT 2_STS_2526', 'TJKT', 'SISWA1264', 'CBT12345', 'siswa', 1),
(1265, 'K01030098259486', 'DYLAND PRIZKI RAMADHAN', 'X TJKT 2_STS_2526', 'TJKT', 'SISWA1265', 'CBT12345', 'siswa', 1),
(1266, 'K01030098259487', 'FACHRY NAZARI SYAHPUTRA', 'X TJKT 2_STS_2526', 'TJKT', 'SISWA1266', 'CBT12345', 'siswa', 1),
(1267, 'K01030098259489', 'FAJAR RIZKY SETIAWAN', 'X TJKT 2_STS_2526', 'TJKT', 'SISWA1267', 'CBT12345', 'siswa', 1),
(1268, 'K01030098259490', 'FAREL AFRIANSYAH', 'X TJKT 2_STS_2526', 'TJKT', 'SISWA1268', 'CBT12345', 'siswa', 1),
(1269, 'K01030098259491', 'FATUR ARDIANSYAH', 'X TJKT 2_STS_2526', 'TJKT', 'SISWA1269', 'CBT12345', 'siswa', 1),
(1270, 'K01030098259493', 'HAPID ROJALI', 'X TJKT 2_STS_2526', 'TJKT', 'SISWA1270', 'CBT12345', 'siswa', 1),
(1271, 'K01030098259494', 'HERLANGGA PRATAMA', 'X TJKT 2_STS_2526', 'TJKT', 'SISWA1271', 'CBT12345', 'siswa', 1),
(1272, 'K01030098259495', 'LEXZA RAYHAN MAULANA', 'X TJKT 2_STS_2526', 'TJKT', 'SISWA1272', 'CBT12345', 'siswa', 1),
(1273, 'K01030098259497', 'MUHAMAD FADILLAH', 'X TJKT 2_STS_2526', 'TJKT', 'SISWA1273', 'CBT12345', 'siswa', 1),
(1274, 'K01030098259498', 'MUHAMAD RIZKY ANDREZA', 'X TJKT 2_STS_2526', 'TJKT', 'SISWA1274', 'CBT12345', 'siswa', 1),
(1275, 'K01030098259499', 'MUHAMMAD AFZAAL ABDUR RAUF', 'X TJKT 2_STS_2526', 'TJKT', 'SISWA1275', 'CBT12345', 'siswa', 1),
(1276, 'K01030098259500', 'MUHAMMAD ALFADJAR', 'X TJKT 2_STS_2526', 'TJKT', 'SISWA1276', 'CBT12345', 'siswa', 1),
(1277, 'K01030098259496', 'MUHAMMAD ARYA SUTA', 'X TJKT 2_STS_2526', 'TJKT', 'SISWA1277', 'CBT12345', 'siswa', 1),
(1278, 'K01030098259501', 'MUHAMMAD DAFA KHOBIRRUDIN', 'X TJKT 2_STS_2526', 'TJKT', 'SISWA1278', 'CBT12345', 'siswa', 1),
(1279, 'K01030098259502', 'MUHAMMAD GHIYATS YUDIS PRAKOSO', 'X TJKT 2_STS_2526', 'TJKT', 'SISWA1279', 'CBT12345', 'siswa', 1),
(1280, 'K01030098259503', 'Muhammad Zaidan Ramadhani', 'X TJKT 2_STS_2526', 'TJKT', 'SISWA1280', 'CBT12345', 'siswa', 1),
(1281, 'K01030098259504', 'NAUFAL MAULANA SAKTI', 'X TJKT 2_STS_2526', 'TJKT', 'SISWA1281', 'CBT12345', 'siswa', 1),
(1282, 'K01030098259505', 'RADJA BINTANG', 'X TJKT 2_STS_2526', 'TJKT', 'SISWA1282', 'CBT12345', 'siswa', 1),
(1283, 'K01030098259506', 'RAFA BENZEMA', 'X TJKT 2_STS_2526', 'TJKT', 'SISWA1283', 'CBT12345', 'siswa', 1),
(1284, 'K01030098259507', 'REZKY AKBAR', 'X TJKT 2_STS_2526', 'TJKT', 'SISWA1284', 'CBT12345', 'siswa', 1),
(1285, 'K01030098259508', 'RIALDY FIRMANSYAH', 'X TJKT 2_STS_2526', 'TJKT', 'SISWA1285', 'CBT12345', 'siswa', 1),
(1286, 'K01030098259509', 'RIZKI RAMDANI SAPUTRA', 'X TJKT 2_STS_2526', 'TJKT', 'SISWA1286', 'CBT12345', 'siswa', 1),
(1287, 'K01030098259510', 'SAPUTRA RHESTU SINGGIH', 'X TJKT 2_STS_2526', 'TJKT', 'SISWA1287', 'CBT12345', 'siswa', 1),
(1288, 'K01030098259511', 'SATRIA NUR RIZKI', 'X TJKT 2_STS_2526', 'TJKT', 'SISWA1288', 'CBT12345', 'siswa', 1),
(1289, 'K01030098259512', 'UWLULL AL BABB', 'X TJKT 2_STS_2526', 'TJKT', 'SISWA1289', 'CBT12345', 'siswa', 1),
(1290, 'K01030098259513', 'WENDI ALFFIAN', 'X TJKT 2_STS_2526', 'TJKT', 'SISWA1290', 'CBT12345', 'siswa', 1),
(1291, 'K01030098259515', 'Abyan Faiz Rabbani', 'X TJKT 3_STS_2526', 'TJKT', 'SISWA1291', 'CBT12345', 'siswa', 1),
(1292, 'K01030098259514', 'ADI FIRANSYAH', 'X TJKT 3_STS_2526', 'TJKT', 'SISWA1292', 'CBT12345', 'siswa', 1),
(1293, 'K01030098259516', 'AHMAD SUBECHTI', 'X TJKT 3_STS_2526', 'TJKT', 'SISWA1293', 'CBT12345', 'siswa', 1),
(1294, 'K01030098259517', 'AKBAR FIKRIYANSYAH', 'X TJKT 3_STS_2526', 'TJKT', 'SISWA1294', 'CBT12345', 'siswa', 1),
(1295, 'K01030098259518', 'ALFIAN', 'X TJKT 3_STS_2526', 'TJKT', 'SISWA1295', 'CBT12345', 'siswa', 1),
(1296, 'K01030098259519', 'Ardiansyah Dimas Setyono', 'X TJKT 3_STS_2526', 'TJKT', 'SISWA1296', 'CBT12345', 'siswa', 1),
(1297, 'K01030098259520', 'AZAM FAHREZI', 'X TJKT 3_STS_2526', 'TJKT', 'SISWA1297', 'CBT12345', 'siswa', 1),
(1298, 'K01030098259521', 'BAGAS PIRMAN SYAH', 'X TJKT 3_STS_2526', 'TJKT', 'SISWA1298', 'CBT12345', 'siswa', 1),
(1299, 'K01030098259524', 'DEVAN SURYA PRATAMA', 'X TJKT 3_STS_2526', 'TJKT', 'SISWA1299', 'CBT12345', 'siswa', 1),
(1300, 'K01030098259525', 'DIAS LESMANA', 'X TJKT 3_STS_2526', 'TJKT', 'SISWA1300', 'CBT12345', 'siswa', 1),
(1301, 'K01030098259526', 'DIMAS ADITYA', 'X TJKT 3_STS_2526', 'TJKT', 'SISWA1301', 'CBT12345', 'siswa', 1),
(1302, 'K01030098259527', 'FAHRI JAMIL AL MUSTHOFA', 'X TJKT 3_STS_2526', 'TJKT', 'SISWA1302', 'CBT12345', 'siswa', 1),
(1303, 'K01030098259528', 'FAIZ ERLANGGA', 'X TJKT 3_STS_2526', 'TJKT', 'SISWA1303', 'CBT12345', 'siswa', 1),
(1304, 'K01030098259529', 'FAJAR SIDDIQ AL-HAQI', 'X TJKT 3_STS_2526', 'TJKT', 'SISWA1304', 'CBT12345', 'siswa', 1),
(1305, 'K01030098259530', 'FAREL YUFEN HANDIKA', 'X TJKT 3_STS_2526', 'TJKT', 'SISWA1305', 'CBT12345', 'siswa', 1),
(1306, 'K01030098259531', 'FARRIS NUQ ARYANTO', 'X TJKT 3_STS_2526', 'TJKT', 'SISWA1306', 'CBT12345', 'siswa', 1),
(1307, 'K01030098259532', 'HIKMAL JALALUDIN', 'X TJKT 3_STS_2526', 'TJKT', 'SISWA1307', 'CBT12345', 'siswa', 1),
(1308, 'K01030098259533', 'MAIKEL JUMAKILIN', 'X TJKT 3_STS_2526', 'TJKT', 'SISWA1308', 'CBT12345', 'siswa', 1),
(1309, 'K01030098259538', 'MUCHAMMAD IFAN APRIAN', 'X TJKT 3_STS_2526', 'TJKT', 'SISWA1309', 'CBT12345', 'siswa', 1),
(1310, 'K01030098259534', 'MUHAMMAD ADLI JUNAIDI', 'X TJKT 3_STS_2526', 'TJKT', 'SISWA1310', 'CBT12345', 'siswa', 1),
(1311, 'K01030098259535', 'Muhammad Fadli', 'X TJKT 3_STS_2526', 'TJKT', 'SISWA1311', 'CBT12345', 'siswa', 1),
(1312, 'K01030098259536', 'MUHAMMAD FAHRI', 'X TJKT 3_STS_2526', 'TJKT', 'SISWA1312', 'CBT12345', 'siswa', 1),
(1313, 'K01030098259537', 'Muhammad Hasbi Khairul Uzza', 'X TJKT 3_STS_2526', 'TJKT', 'SISWA1313', 'CBT12345', 'siswa', 1),
(1314, 'K01030098259539', 'MUHAMMAD NURULLOH', 'X TJKT 3_STS_2526', 'TJKT', 'SISWA1314', 'CBT12345', 'siswa', 1),
(1315, 'K01030098259540', 'MUHAMMAD RIZKY SUDRAJAT', 'X TJKT 3_STS_2526', 'TJKT', 'SISWA1315', 'CBT12345', 'siswa', 1),
(1316, 'K01030098259541', 'MUHAMMAD ZIDAN MUZAKKY', 'X TJKT 3_STS_2526', 'TJKT', 'SISWA1316', 'CBT12345', 'siswa', 1),
(1317, 'K01030098259542', 'MUKHROFI RIZQI AZIDAN', 'X TJKT 3_STS_2526', 'TJKT', 'SISWA1317', 'CBT12345', 'siswa', 1),
(1318, 'K01030098259543', 'NAUFAL NAHRUL ILMI', 'X TJKT 3_STS_2526', 'TJKT', 'SISWA1318', 'CBT12345', 'siswa', 1),
(1319, 'K01030098259544', 'NUR ILHAM RAMADHAN', 'X TJKT 3_STS_2526', 'TJKT', 'SISWA1319', 'CBT12345', 'siswa', 1),
(1320, 'K01030098259545', 'Putra Patriansyah', 'X TJKT 3_STS_2526', 'TJKT', 'SISWA1320', 'CBT12345', 'siswa', 1),
(1321, 'K01030098259546', 'RADITYA ARDACANDRA CHRYSNAN', 'X TJKT 3_STS_2526', 'TJKT', 'SISWA1321', 'CBT12345', 'siswa', 1),
(1322, 'K01030098259548', 'RAHMA DINATA', 'X TJKT 3_STS_2526', 'TJKT', 'SISWA1322', 'CBT12345', 'siswa', 1),
(1323, 'K01030098259549', 'REZKY QIHAYAT SHAPUTRA', 'X TJKT 3_STS_2526', 'TJKT', 'SISWA1323', 'CBT12345', 'siswa', 1),
(1324, 'K01030098259550', 'RIZKY SURYA PRANATA', 'X TJKT 3_STS_2526', 'TJKT', 'SISWA1324', 'CBT12345', 'siswa', 1),
(1325, 'K01030098259551', 'ROY FAJRIANSYAH', 'X TJKT 3_STS_2526', 'TJKT', 'SISWA1325', 'CBT12345', 'siswa', 1),
(1326, 'K01030098259552', 'SUTAN ALFATIH', 'X TJKT 3_STS_2526', 'TJKT', 'SISWA1326', 'CBT12345', 'siswa', 1),
(1327, 'K01030098259554', 'WILLIAN CHANDRA', 'X TJKT 3_STS_2526', 'TJKT', 'SISWA1327', 'CBT12345', 'siswa', 1),
(1328, 'K01030098259555', 'ZAKARIA PUTRA', 'X TJKT 3_STS_2526', 'TJKT', 'SISWA1328', 'CBT12345', 'siswa', 1),
(1329, 'K01030098259556', 'ABIEM RAJIEB PANGESTU', 'X TJKT 4_STS_2526', 'TJKT', 'SISWA1329', 'CBT12345', 'siswa', 1),
(1330, 'K01030098259557', 'AGIFA RAKHA FAIRUZ', 'X TJKT 4_STS_2526', 'TJKT', 'SISWA1330', 'CBT12345', 'siswa', 1),
(1331, 'K01030098259558', 'AHMAD JUANATA RAFIF SYAH', 'X TJKT 4_STS_2526', 'TJKT', 'SISWA1331', 'CBT12345', 'siswa', 1),
(1332, 'K01030098259559', 'ALFARIZI NURRAHMANSYAH', 'X TJKT 4_STS_2526', 'TJKT', 'SISWA1332', 'CBT12345', 'siswa', 1),
(1333, 'K01030098259560', 'BAGAS ANUR PARIJI', 'X TJKT 4_STS_2526', 'TJKT', 'SISWA1333', 'CBT12345', 'siswa', 1),
(1334, 'K01030098259561', 'CHANDRA PERMANA', 'X TJKT 4_STS_2526', 'TJKT', 'SISWA1334', 'CBT12345', 'siswa', 1),
(1335, 'K01030098259562', 'DHANU MURTADHA', 'X TJKT 4_STS_2526', 'TJKT', 'SISWA1335', 'CBT12345', 'siswa', 1),
(1336, 'K01030098259563', 'DIMAS PRAMANA PUTRA', 'X TJKT 4_STS_2526', 'TJKT', 'SISWA1336', 'CBT12345', 'siswa', 1),
(1337, 'K01030098259564', 'EDO', 'X TJKT 4_STS_2526', 'TJKT', 'SISWA1337', 'CBT12345', 'siswa', 1),
(1338, 'K01030098259565', 'FACHRY FEBRIAN', 'X TJKT 4_STS_2526', 'TJKT', 'SISWA1338', 'CBT12345', 'siswa', 1),
(1339, 'K01030098259566', 'FAHREZI NURDIANSYAH', 'X TJKT 4_STS_2526', 'TJKT', 'SISWA1339', 'CBT12345', 'siswa', 1),
(1340, 'K01030098259567', 'FAJAR BIMANTARA', 'X TJKT 4_STS_2526', 'TJKT', 'SISWA1340', 'CBT12345', 'siswa', 1),
(1341, 'K01030098259568', 'FATHIR SATRIAWAN', 'X TJKT 4_STS_2526', 'TJKT', 'SISWA1341', 'CBT12345', 'siswa', 1),
(1342, 'K01030098259569', 'FIRLY RADITYA PRATAMA', 'X TJKT 4_STS_2526', 'TJKT', 'SISWA1342', 'CBT12345', 'siswa', 1),
(1343, 'K01030098259570', 'FIRNANDA ALIF FADHILAH', 'X TJKT 4_STS_2526', 'TJKT', 'SISWA1343', 'CBT12345', 'siswa', 1),
(1344, 'K01030098259571', 'IRVAN MAULANA', 'X TJKT 4_STS_2526', 'TJKT', 'SISWA1344', 'CBT12345', 'siswa', 1),
(1345, 'K01030098259572', 'JOHAN AGUNG SAPUTRA', 'X TJKT 4_STS_2526', 'TJKT', 'SISWA1345', 'CBT12345', 'siswa', 1),
(1346, 'K01030098259573', 'JOVAN ANGGA SAPUTRA', 'X TJKT 4_STS_2526', 'TJKT', 'SISWA1346', 'CBT12345', 'siswa', 1),
(1347, 'K01030098259574', 'KHOIRUL NUR WAHYUDI', 'X TJKT 4_STS_2526', 'TJKT', 'SISWA1347', 'CBT12345', 'siswa', 1),
(1348, 'K01030098259575', 'LIVARNO RADITYA AL GAZIA', 'X TJKT 4_STS_2526', 'TJKT', 'SISWA1348', 'CBT12345', 'siswa', 1),
(1349, 'K01030098259576', 'LUWIS MUKTI ONO', 'X TJKT 4_STS_2526', 'TJKT', 'SISWA1349', 'CBT12345', 'siswa', 1),
(1350, 'K01030098259577', 'MAHAR IBNU QAYYUM', 'X TJKT 4_STS_2526', 'TJKT', 'SISWA1350', 'CBT12345', 'siswa', 1),
(1351, 'K01030098259579', 'MOHAMMAD JOVAN AZZRULLAH', 'X TJKT 4_STS_2526', 'TJKT', 'SISWA1351', 'CBT12345', 'siswa', 1),
(1352, 'K01030098259580', 'MUHAMAD ALIF ARDYANSAH', 'X TJKT 4_STS_2526', 'TJKT', 'SISWA1352', 'CBT12345', 'siswa', 1),
(1353, 'K01030098259578', 'MUHAMAD RIDHO CAHYADI', 'X TJKT 4_STS_2526', 'TJKT', 'SISWA1353', 'CBT12345', 'siswa', 1),
(1354, 'K01030098259581', 'MUHAMMAD FARHAN ALFARIZKY', 'X TJKT 4_STS_2526', 'TJKT', 'SISWA1354', 'CBT12345', 'siswa', 1),
(1355, 'K01030098259582', 'MUHAMMAD NABIL MA\'RUF', 'X TJKT 4_STS_2526', 'TJKT', 'SISWA1355', 'CBT12345', 'siswa', 1),
(1356, 'K01030098259583', 'Muhammad Rifqi Pratama', 'X TJKT 4_STS_2526', 'TJKT', 'SISWA1356', 'CBT12345', 'siswa', 1),
(1357, 'K01030098259584', 'MUHAMMAD SURYA', 'X TJKT 4_STS_2526', 'TJKT', 'SISWA1357', 'CBT12345', 'siswa', 1),
(1358, 'K01030098259585', 'Muhammad Wildan Al Rasyiid', 'X TJKT 4_STS_2526', 'TJKT', 'SISWA1358', 'CBT12345', 'siswa', 1),
(1359, 'K01030098259586', 'NAUFAL ALDIANSYAH', 'X TJKT 4_STS_2526', 'TJKT', 'SISWA1359', 'CBT12345', 'siswa', 1),
(1360, 'K01030098259587', 'NOVAL MUR SAPUTRA', 'X TJKT 4_STS_2526', 'TJKT', 'SISWA1360', 'CBT12345', 'siswa', 1),
(1361, 'K01030098259588', 'PEBRIANO', 'X TJKT 4_STS_2526', 'TJKT', 'SISWA1361', 'CBT12345', 'siswa', 1),
(1362, 'K01030098259589', 'Putra Pratama Billah', 'X TJKT 4_STS_2526', 'TJKT', 'SISWA1362', 'CBT12345', 'siswa', 1),
(1363, 'K01030098259590', 'RADIQ RAIA PRATAMA', 'X TJKT 4_STS_2526', 'TJKT', 'SISWA1363', 'CBT12345', 'siswa', 1),
(1364, 'K01030098259591', 'RAFAEEL PRIYONO', 'X TJKT 4_STS_2526', 'TJKT', 'SISWA1364', 'CBT12345', 'siswa', 1),
(1365, 'K01030098259592', 'RAFFA FADLI FADILLAH', 'X TJKT 4_STS_2526', 'TJKT', 'SISWA1365', 'CBT12345', 'siswa', 1),
(1366, 'K01030098259593', 'RAHMAN NUDIN', 'X TJKT 4_STS_2526', 'TJKT', 'SISWA1366', 'CBT12345', 'siswa', 1),
(1367, 'K01030098259594', 'RIDWAN AL-FARIZ SYAFRUDIN', 'X TJKT 4_STS_2526', 'TJKT', 'SISWA1367', 'CBT12345', 'siswa', 1),
(1368, 'K01030098259595', 'VIOS ABINSA PRATAMA', 'X TJKT 4_STS_2526', 'TJKT', 'SISWA1368', 'CBT12345', 'siswa', 1),
(1369, 'K01030098259596', 'WAHYU ARIYANTO', 'X TJKT 4_STS_2526', 'TJKT', 'SISWA1369', 'CBT12345', 'siswa', 1),
(1370, 'K01030098259597', 'ZAIDAN RIFAI', 'X TJKT 4_STS_2526', 'TJKT', 'SISWA1370', 'CBT12345', 'siswa', 1),
(1371, 'K01030098249238', 'ALDA YULIANA', 'XI AKL 1_STS_2526', 'AKL', 'SISWA1371', 'CBT12345', 'siswa', 1),
(1372, 'K01030098249240', 'ALFIAN MAULANA GALIH', 'XI AKL 1_STS_2526', 'AKL', 'SISWA1372', 'CBT12345', 'siswa', 1),
(1373, 'K01030098249246', 'AYU NUR AZIZAH DARMANSYAH', 'XI AKL 1_STS_2526', 'AKL', 'SISWA1373', 'CBT12345', 'siswa', 1),
(1374, 'K01030098249249', 'BELLA NOFIANA SAFITRI', 'XI AKL 1_STS_2526', 'AKL', 'SISWA1374', 'CBT12345', 'siswa', 1),
(1375, 'K01030098249250', 'BINTANG LUTHFI AL ANSHORI', 'XI AKL 1_STS_2526', 'AKL', 'SISWA1375', 'CBT12345', 'siswa', 1),
(1376, 'K01030098249251', 'CINDY ISMIRANTI', 'XI AKL 1_STS_2526', 'AKL', 'SISWA1376', 'CBT12345', 'siswa', 1),
(1377, 'K01030098249255', 'DWI SEPTIANI RAMADHANI', 'XI AKL 1_STS_2526', 'AKL', 'SISWA1377', 'CBT12345', 'siswa', 1),
(1378, 'K01030098249256', 'EGA SAPUTRA', 'XI AKL 1_STS_2526', 'AKL', 'SISWA1378', 'CBT12345', 'siswa', 1),
(1379, 'K01030098249260', 'HADHI SURYAWIJAYA', 'XI AKL 1_STS_2526', 'AKL', 'SISWA1379', 'CBT12345', 'siswa', 1),
(1380, 'K01030098249264', 'KHANZA CLAUDYA PURNOMO', 'XI AKL 1_STS_2526', 'AKL', 'SISWA1380', 'CBT12345', 'siswa', 1),
(1381, 'K01030098249270', 'MOHAMAD GILANG RAMADHAN', 'XI AKL 1_STS_2526', 'AKL', 'SISWA1381', 'CBT12345', 'siswa', 1),
(1382, 'K01030098249275', 'MUHAMMAD CHAIDAR BULQOINI', 'XI AKL 1_STS_2526', 'AKL', 'SISWA1382', 'CBT12345', 'siswa', 1),
(1383, 'K01030098249277', 'MUHAMMAD SHODIQ', 'XI AKL 1_STS_2526', 'AKL', 'SISWA1383', 'CBT12345', 'siswa', 1),
(1384, 'K01030098249278', 'NABIGOH FAIQOH', 'XI AKL 1_STS_2526', 'AKL', 'SISWA1384', 'CBT12345', 'siswa', 1),
(1385, 'K01030098249279', 'NAYLA LESTARI', 'XI AKL 1_STS_2526', 'AKL', 'SISWA1385', 'CBT12345', 'siswa', 1),
(1386, 'K01030098249280', 'PAHSA RAMADHANI', 'XI AKL 1_STS_2526', 'AKL', 'SISWA1386', 'CBT12345', 'siswa', 1),
(1387, 'K01030098249281', 'RAFLI RAHMADANI KURNIAWAN', 'XI AKL 1_STS_2526', 'AKL', 'SISWA1387', 'CBT12345', 'siswa', 1),
(1388, 'K01030098249282', 'RAIHAN RAFFA HANDOKO', 'XI AKL 1_STS_2526', 'AKL', 'SISWA1388', 'CBT12345', 'siswa', 1),
(1389, 'K01030098249284', 'RANGGA SATRIO', 'XI AKL 1_STS_2526', 'AKL', 'SISWA1389', 'CBT12345', 'siswa', 1),
(1390, 'K01030098249289', 'REFITA NUR HAYATI', 'XI AKL 1_STS_2526', 'AKL', 'SISWA1390', 'CBT12345', 'siswa', 1),
(1391, 'K01030098249287', 'REIHAN RAMADHAN', 'XI AKL 1_STS_2526', 'AKL', 'SISWA1391', 'CBT12345', 'siswa', 1),
(1392, 'K01030098249288', 'RESTY CAHYANI', 'XI AKL 1_STS_2526', 'AKL', 'SISWA1392', 'CBT12345', 'siswa', 1),
(1393, 'K01030098249290', 'REVITA RAHMA DINA', 'XI AKL 1_STS_2526', 'AKL', 'SISWA1393', 'CBT12345', 'siswa', 1),
(1394, 'K01030098249292', 'RHADO WIJAYA SYAMRI', 'XI AKL 1_STS_2526', 'AKL', 'SISWA1394', 'CBT12345', 'siswa', 1),
(1395, 'K01030098249293', 'Safira Angelia', 'XI AKL 1_STS_2526', 'AKL', 'SISWA1395', 'CBT12345', 'siswa', 1),
(1396, 'K01030098249295', 'SHERINA SETIAWAN', 'XI AKL 1_STS_2526', 'AKL', 'SISWA1396', 'CBT12345', 'siswa', 1),
(1397, 'K01030098249297', 'SYIFA AULIA FEBRIANI', 'XI AKL 1_STS_2526', 'AKL', 'SISWA1397', 'CBT12345', 'siswa', 1),
(1398, 'K01030098249300', 'TIO ADITYA', 'XI AKL 1_STS_2526', 'AKL', 'SISWA1398', 'CBT12345', 'siswa', 1),
(1399, 'K01030098249301', 'WILDAN RASYIID AKBAR', 'XI AKL 1_STS_2526', 'AKL', 'SISWA1399', 'CBT12345', 'siswa', 1),
(1400, 'K01030098249302', 'ZIQRONI SUMA\'AT', 'XI AKL 1_STS_2526', 'AKL', 'SISWA1400', 'CBT12345', 'siswa', 1),
(1401, 'K01030098249239', 'ALDI DARMAWAN', 'XI AKL 2_STS_2526', 'AKL', 'SISWA1401', 'CBT12345', 'siswa', 1),
(1402, 'K01030098249242', 'ARBA ROHMADHONI', 'XI AKL 2_STS_2526', 'AKL', 'SISWA1402', 'CBT12345', 'siswa', 1),
(1403, 'K01030098249243', 'ARIF PRIYONO', 'XI AKL 2_STS_2526', 'AKL', 'SISWA1403', 'CBT12345', 'siswa', 1),
(1404, 'K01030098249244', 'ARRAZY ELJAYYID JIDDAN', 'XI AKL 2_STS_2526', 'AKL', 'SISWA1404', 'CBT12345', 'siswa', 1),
(1405, 'K01030098249245', 'AURA KARTIKA SARI', 'XI AKL 2_STS_2526', 'AKL', 'SISWA1405', 'CBT12345', 'siswa', 1),
(1406, 'K01030098249247', 'AZKHA ABDUL GHANIY', 'XI AKL 2_STS_2526', 'AKL', 'SISWA1406', 'CBT12345', 'siswa', 1),
(1407, 'K01030098249252', 'DEAN ANGGER PANDU KELANA', 'XI AKL 2_STS_2526', 'AKL', 'SISWA1407', 'CBT12345', 'siswa', 1),
(1408, 'K01030098249824', 'DENIAS LINCOLN SITOHANG', 'XI AKL 2_STS_2526', 'AKL', 'SISWA1408', 'CBT12345', 'siswa', 1),
(1409, 'K01030098249253', 'DEWI MAHARANI', 'XI AKL 2_STS_2526', 'AKL', 'SISWA1409', 'CBT12345', 'siswa', 1),
(1410, 'K01030098249254', 'Dinda lutfiyatul fusilla', 'XI AKL 2_STS_2526', 'AKL', 'SISWA1410', 'CBT12345', 'siswa', 1),
(1411, 'K01030098249257', 'ELI VEBRIANA', 'XI AKL 2_STS_2526', 'AKL', 'SISWA1411', 'CBT12345', 'siswa', 1),
(1412, 'K01030098249258', 'FAUZIAH ATSAQIF', 'XI AKL 2_STS_2526', 'AKL', 'SISWA1412', 'CBT12345', 'siswa', 1),
(1413, 'K01030098249259', 'GALBERA ANATASYA', 'XI AKL 2_STS_2526', 'AKL', 'SISWA1413', 'CBT12345', 'siswa', 1),
(1414, 'K01030098249262', 'KHAIRUL ANAM', 'XI AKL 2_STS_2526', 'AKL', 'SISWA1414', 'CBT12345', 'siswa', 1),
(1415, 'K01030098249266', 'KIRANA AULIA PUTRI', 'XI AKL 2_STS_2526', 'AKL', 'SISWA1415', 'CBT12345', 'siswa', 1),
(1416, 'K01030098249267', 'LENI ASHARI', 'XI AKL 2_STS_2526', 'AKL', 'SISWA1416', 'CBT12345', 'siswa', 1),
(1417, 'K01030098249268', 'MELIYANA', 'XI AKL 2_STS_2526', 'AKL', 'SISWA1417', 'CBT12345', 'siswa', 1),
(1418, 'K01030098249269', 'MOHAMAD GALANG RAMADHAN', 'XI AKL 2_STS_2526', 'AKL', 'SISWA1418', 'CBT12345', 'siswa', 1),
(1419, 'K01030098249271', 'MUHAMAD NUR RIZKY RAMADHAN', 'XI AKL 2_STS_2526', 'AKL', 'SISWA1419', 'CBT12345', 'siswa', 1),
(1420, 'K01030098249272', 'MUHAMAD RAFIK HARIRI', 'XI AKL 2_STS_2526', 'AKL', 'SISWA1420', 'CBT12345', 'siswa', 1),
(1421, 'K01030098249274', 'MUHAMAD RIFALDI', 'XI AKL 2_STS_2526', 'AKL', 'SISWA1421', 'CBT12345', 'siswa', 1),
(1422, 'K01030098249276', 'MUHAMMAD RIZKY PRATAMA', 'XI AKL 2_STS_2526', 'AKL', 'SISWA1422', 'CBT12345', 'siswa', 1),
(1423, 'K01030098249283', 'RAMSYA ILYASSYA', 'XI AKL 2_STS_2526', 'AKL', 'SISWA1423', 'CBT12345', 'siswa', 1),
(1424, 'K01030098249285', 'RASYA AMANDA MIKE', 'XI AKL 2_STS_2526', 'AKL', 'SISWA1424', 'CBT12345', 'siswa', 1),
(1425, 'K01030098249286', 'REGINA KHARNESYA', 'XI AKL 2_STS_2526', 'AKL', 'SISWA1425', 'CBT12345', 'siswa', 1),
(1426, 'K01030098249291', 'REZKY AGHFARIYADI', 'XI AKL 2_STS_2526', 'AKL', 'SISWA1426', 'CBT12345', 'siswa', 1),
(1427, 'K01030098249294', 'SARAH DIVA WULANNINGSIH', 'XI AKL 2_STS_2526', 'AKL', 'SISWA1427', 'CBT12345', 'siswa', 1),
(1428, 'K01030098249296', 'SITI MARLINAH', 'XI AKL 2_STS_2526', 'AKL', 'SISWA1428', 'CBT12345', 'siswa', 1),
(1429, 'K01030098249298', 'TAZUL ARIFIN DJUNAEDI', 'XI AKL 2_STS_2526', 'AKL', 'SISWA1429', 'CBT12345', 'siswa', 1),
(1430, 'K01030098249299', 'TEGAR PRASETIAWAN', 'XI AKL 2_STS_2526', 'AKL', 'SISWA1430', 'CBT12345', 'siswa', 1),
(1431, 'K01030098249192', 'ACHYAR MUHAMMAD FACHRI', 'XI DKV_STS_2526', 'DKV', 'SISWA1431', 'CBT12345', 'siswa', 1),
(1432, 'K01030098249193', 'ADE HAIKAL AKBAR MAULANA', 'XI DKV_STS_2526', 'DKV', 'SISWA1432', 'CBT12345', 'siswa', 1),
(1433, 'K01030098249194', 'ALFIN NUR PRATAMA', 'XI DKV_STS_2526', 'DKV', 'SISWA1433', 'CBT12345', 'siswa', 1),
(1434, 'K01030098249195', 'ALVIN ANDREAN', 'XI DKV_STS_2526', 'DKV', 'SISWA1434', 'CBT12345', 'siswa', 1),
(1435, 'K01030098249196', 'ANDITA SOFIANA PUTRI', 'XI DKV_STS_2526', 'DKV', 'SISWA1435', 'CBT12345', 'siswa', 1),
(1436, 'K01030098249197', 'APRILLIA PUSPITASARI', 'XI DKV_STS_2526', 'DKV', 'SISWA1436', 'CBT12345', 'siswa', 1),
(1437, 'K01030098249198', 'AUREL NASYABILA', 'XI DKV_STS_2526', 'DKV', 'SISWA1437', 'CBT12345', 'siswa', 1),
(1438, 'K01030098249199', 'AZZAHRA DWI AFRIANI', 'XI DKV_STS_2526', 'DKV', 'SISWA1438', 'CBT12345', 'siswa', 1),
(1439, 'K01030098249200', 'AZZAHRA PUTRI MAHARANI', 'XI DKV_STS_2526', 'DKV', 'SISWA1439', 'CBT12345', 'siswa', 1),
(1440, 'K01030098249202', 'Clarysta Ayu Dewanti', 'XI DKV_STS_2526', 'DKV', 'SISWA1440', 'CBT12345', 'siswa', 1),
(1441, 'K01030098249203', 'DEDEH NURCAHYATI', 'XI DKV_STS_2526', 'DKV', 'SISWA1441', 'CBT12345', 'siswa', 1),
(1442, 'K01030098249204', 'DENIS PRANATA', 'XI DKV_STS_2526', 'DKV', 'SISWA1442', 'CBT12345', 'siswa', 1),
(1443, 'K01030098249205', 'DINAR WIJAYA', 'XI DKV_STS_2526', 'DKV', 'SISWA1443', 'CBT12345', 'siswa', 1),
(1444, 'K01030098249206', 'FAIZAH HILWA AWANI', 'XI DKV_STS_2526', 'DKV', 'SISWA1444', 'CBT12345', 'siswa', 1),
(1445, 'K01030098249207', 'FAJAR ARDIANTO', 'XI DKV_STS_2526', 'DKV', 'SISWA1445', 'CBT12345', 'siswa', 1),
(1446, 'K01030098249208', 'FAREL PUTRA ARIFIN', 'XI DKV_STS_2526', 'DKV', 'SISWA1446', 'CBT12345', 'siswa', 1),
(1447, 'K01030098249209', 'IMAN SAPUTRA BUDIMAN', 'XI DKV_STS_2526', 'DKV', 'SISWA1447', 'CBT12345', 'siswa', 1),
(1448, 'K01030098239819', 'JERYCO AFRIZAL RAMADAN', 'XI DKV_STS_2526', 'DKV', 'SISWA1448', 'CBT12345', 'siswa', 1),
(1449, 'K01030098249210', 'JESIKA MANOHARA', 'XI DKV_STS_2526', 'DKV', 'SISWA1449', 'CBT12345', 'siswa', 1);
INSERT INTO `a_siswa` (`id`, `no_peserta`, `nama_siswa`, `kelas`, `jurusan`, `username`, `password`, `level`, `status`) VALUES
(1450, 'K01030098249211', 'Joel Sandiago', 'XI DKV_STS_2526', 'DKV', 'SISWA1450', 'CBT12345', 'siswa', 1),
(1451, 'K01030098249212', 'JOHAN DWI SAPUTRA', 'XI DKV_STS_2526', 'DKV', 'SISWA1451', 'CBT12345', 'siswa', 1),
(1452, 'K01030098249213', 'LAYSA JEN FATMALA', 'XI DKV_STS_2526', 'DKV', 'SISWA1452', 'CBT12345', 'siswa', 1),
(1453, 'K01030098249214', 'MARIO', 'XI DKV_STS_2526', 'DKV', 'SISWA1453', 'CBT12345', 'siswa', 1),
(1454, 'K01030098249215', 'MAULIA', 'XI DKV_STS_2526', 'DKV', 'SISWA1454', 'CBT12345', 'siswa', 1),
(1455, 'K01030098249216', 'MEDINA NUR AISYAH', 'XI DKV_STS_2526', 'DKV', 'SISWA1455', 'CBT12345', 'siswa', 1),
(1456, 'K01030098249217', 'MEISHA LUNA A\'ISYAH', 'XI DKV_STS_2526', 'DKV', 'SISWA1456', 'CBT12345', 'siswa', 1),
(1457, 'K01030098249218', 'MIKALA SAKA PRADITA', 'XI DKV_STS_2526', 'DKV', 'SISWA1457', 'CBT12345', 'siswa', 1),
(1458, 'K01030098249219', 'MUHAMAD FAUZI MARFEL PUTRA', 'XI DKV_STS_2526', 'DKV', 'SISWA1458', 'CBT12345', 'siswa', 1),
(1459, 'K01030098249220', 'MUHAMAD RAHEL', 'XI DKV_STS_2526', 'DKV', 'SISWA1459', 'CBT12345', 'siswa', 1),
(1460, 'K01030098249221', 'MUHAMMAD ARIEL MAULANA', 'XI DKV_STS_2526', 'DKV', 'SISWA1460', 'CBT12345', 'siswa', 1),
(1461, 'K01030098249222', 'MUHAMMAD FAHREZY', 'XI DKV_STS_2526', 'DKV', 'SISWA1461', 'CBT12345', 'siswa', 1),
(1462, 'K01030098249224', 'MUHAMMAD RASYA', 'XI DKV_STS_2526', 'DKV', 'SISWA1462', 'CBT12345', 'siswa', 1),
(1463, 'K01030098249225', 'MURFID HAFIZ APRILIANTO', 'XI DKV_STS_2526', 'DKV', 'SISWA1463', 'CBT12345', 'siswa', 1),
(1464, 'K01030098249226', 'NAYLA PUTRI CAHYANI', 'XI DKV_STS_2526', 'DKV', 'SISWA1464', 'CBT12345', 'siswa', 1),
(1465, 'K01030098249227', 'NIZAM AQILANSYAH', 'XI DKV_STS_2526', 'DKV', 'SISWA1465', 'CBT12345', 'siswa', 1),
(1466, 'K01030098249228', 'PANDU IBNU SAPUTRA', 'XI DKV_STS_2526', 'DKV', 'SISWA1466', 'CBT12345', 'siswa', 1),
(1467, 'K01030098249229', 'PHILIP TED', 'XI DKV_STS_2526', 'DKV', 'SISWA1467', 'CBT12345', 'siswa', 1),
(1468, 'K01030098249230', 'RAKHA MUHAMMAD KHAERUL RIZQY', 'XI DKV_STS_2526', 'DKV', 'SISWA1468', 'CBT12345', 'siswa', 1),
(1469, 'K01030098249231', 'RESSY AULIA', 'XI DKV_STS_2526', 'DKV', 'SISWA1469', 'CBT12345', 'siswa', 1),
(1470, 'K01030098249232', 'Ridwan Arya Mubarok', 'XI DKV_STS_2526', 'DKV', 'SISWA1470', 'CBT12345', 'siswa', 1),
(1471, 'K01030098249233', 'RIFQI REIFANSYAH', 'XI DKV_STS_2526', 'DKV', 'SISWA1471', 'CBT12345', 'siswa', 1),
(1472, 'K01030098249823', 'RISKA CAHAYA RAMADAYANTI', 'XI DKV_STS_2526', 'DKV', 'SISWA1472', 'CBT12345', 'siswa', 1),
(1473, 'K01030098249234', 'SATRIO PUTRA BAGUS BAHRI RAMADHAN', 'XI DKV_STS_2526', 'DKV', 'SISWA1473', 'CBT12345', 'siswa', 1),
(1474, 'K01030098249235', 'Shafira Aulia Rachmah', 'XI DKV_STS_2526', 'DKV', 'SISWA1474', 'CBT12345', 'siswa', 1),
(1475, 'K01030098249236', 'SHAMARA WINDANI ANGGRAINI', 'XI DKV_STS_2526', 'DKV', 'SISWA1475', 'CBT12345', 'siswa', 1),
(1476, 'K01030098249237', 'Zahra Eka Pranaya', 'XI DKV_STS_2526', 'DKV', 'SISWA1476', 'CBT12345', 'siswa', 1),
(1477, 'K01030098249303', 'AFLAH SALSABILA', 'XI MPLB 1_STS_2526', 'MPLB', 'SISWA1477', 'CBT12345', 'siswa', 1),
(1478, 'K01030098249309', 'ANNISA FITRI RAHMAWATI', 'XI MPLB 1_STS_2526', 'MPLB', 'SISWA1478', 'CBT12345', 'siswa', 1),
(1479, 'K01030098249312', 'BELA SELVIA', 'XI MPLB 1_STS_2526', 'MPLB', 'SISWA1479', 'CBT12345', 'siswa', 1),
(1480, 'K01030098249314', 'BRIGITA GRASELA BIKOLO', 'XI MPLB 1_STS_2526', 'MPLB', 'SISWA1480', 'CBT12345', 'siswa', 1),
(1481, 'K01030098249816', 'BUNGA IKMAH RISALDY', 'XI MPLB 1_STS_2526', 'MPLB', 'SISWA1481', 'CBT12345', 'siswa', 1),
(1482, 'K01030098249316', 'CAHAYA MAELIA', 'XI MPLB 1_STS_2526', 'MPLB', 'SISWA1482', 'CBT12345', 'siswa', 1),
(1483, 'K01030098249317', 'Callista Rihanna Putri', 'XI MPLB 1_STS_2526', 'MPLB', 'SISWA1483', 'CBT12345', 'siswa', 1),
(1484, 'K01030098249319', 'DEA ELFATIYA PUTRI', 'XI MPLB 1_STS_2526', 'MPLB', 'SISWA1484', 'CBT12345', 'siswa', 1),
(1485, 'K01030098249323', 'DHIVA SABRINA', 'XI MPLB 1_STS_2526', 'MPLB', 'SISWA1485', 'CBT12345', 'siswa', 1),
(1486, 'K01030098249326', 'EKA ASILA PUTRI', 'XI MPLB 1_STS_2526', 'MPLB', 'SISWA1486', 'CBT12345', 'siswa', 1),
(1487, 'K01030098249330', 'ILANA ARDITHA PUTRI', 'XI MPLB 1_STS_2526', 'MPLB', 'SISWA1487', 'CBT12345', 'siswa', 1),
(1488, 'K01030098249332', 'Jesicca Margaret', 'XI MPLB 1_STS_2526', 'MPLB', 'SISWA1488', 'CBT12345', 'siswa', 1),
(1489, 'K01030098249335', 'KIRANA GHEA PERMATA', 'XI MPLB 1_STS_2526', 'MPLB', 'SISWA1489', 'CBT12345', 'siswa', 1),
(1490, 'K01030098249336', 'LINDA LESTARI', 'XI MPLB 1_STS_2526', 'MPLB', 'SISWA1490', 'CBT12345', 'siswa', 1),
(1491, 'K01030098249338', 'LUTFIANA AYU SAFITRI', 'XI MPLB 1_STS_2526', 'MPLB', 'SISWA1491', 'CBT12345', 'siswa', 1),
(1492, 'K01030098249339', 'Marsela Abela', 'XI MPLB 1_STS_2526', 'MPLB', 'SISWA1492', 'CBT12345', 'siswa', 1),
(1493, 'K01030098249342', 'MAY FADILAH SHOLIKHIN PRATAMA', 'XI MPLB 1_STS_2526', 'MPLB', 'SISWA1493', 'CBT12345', 'siswa', 1),
(1494, 'K01030098249343', 'NABILAH ZAHIRAH', 'XI MPLB 1_STS_2526', 'MPLB', 'SISWA1494', 'CBT12345', 'siswa', 1),
(1495, 'K01030098249344', 'NADINDA AISYAH RAMADANI', 'XI MPLB 1_STS_2526', 'MPLB', 'SISWA1495', 'CBT12345', 'siswa', 1),
(1496, 'K01030098249345', 'NADZIVA TYAS RAMADHANI', 'XI MPLB 1_STS_2526', 'MPLB', 'SISWA1496', 'CBT12345', 'siswa', 1),
(1497, 'K01030098249347', 'NATASYA HOPFULIA', 'XI MPLB 1_STS_2526', 'MPLB', 'SISWA1497', 'CBT12345', 'siswa', 1),
(1498, 'K01030098249351', 'NOVA ADINDA PUTRI', 'XI MPLB 1_STS_2526', 'MPLB', 'SISWA1498', 'CBT12345', 'siswa', 1),
(1499, 'K01030098249354', 'PUPUT NILAM SARI', 'XI MPLB 1_STS_2526', 'MPLB', 'SISWA1499', 'CBT12345', 'siswa', 1),
(1500, 'K01030098249356', 'QASYFIL RANIA SYAMSI', 'XI MPLB 1_STS_2526', 'MPLB', 'SISWA1500', 'CBT12345', 'siswa', 1),
(1501, 'K01030098249357', 'Rabila Tuzzaqiyah', 'XI MPLB 1_STS_2526', 'MPLB', 'SISWA1501', 'CBT12345', 'siswa', 1),
(1502, 'K01030098249359', 'RENY WINSA PUTRI', 'XI MPLB 1_STS_2526', 'MPLB', 'SISWA1502', 'CBT12345', 'siswa', 1),
(1503, 'K01030098249360', 'REVA SESI PUTRI APRILIA', 'XI MPLB 1_STS_2526', 'MPLB', 'SISWA1503', 'CBT12345', 'siswa', 1),
(1504, 'K01030098249361', 'RIFA FAUZIYAH', 'XI MPLB 1_STS_2526', 'MPLB', 'SISWA1504', 'CBT12345', 'siswa', 1),
(1505, 'K01030098249364', 'SETYANA AULYA', 'XI MPLB 1_STS_2526', 'MPLB', 'SISWA1505', 'CBT12345', 'siswa', 1),
(1506, 'K01030098249367', 'SHINTA LESTARI', 'XI MPLB 1_STS_2526', 'MPLB', 'SISWA1506', 'CBT12345', 'siswa', 1),
(1507, 'K01030098249365', 'Silvana', 'XI MPLB 1_STS_2526', 'MPLB', 'SISWA1507', 'CBT12345', 'siswa', 1),
(1508, 'K01030098249368', 'SINTHA APRILLIANINGSIH', 'XI MPLB 1_STS_2526', 'MPLB', 'SISWA1508', 'CBT12345', 'siswa', 1),
(1509, 'K01030098249370', 'SUCI FITRIANI', 'XI MPLB 1_STS_2526', 'MPLB', 'SISWA1509', 'CBT12345', 'siswa', 1),
(1510, 'K01030098249372', 'Syahana Al Malaika', 'XI MPLB 1_STS_2526', 'MPLB', 'SISWA1510', 'CBT12345', 'siswa', 1),
(1511, 'K01030098249373', 'SYIFA ASZUHAFA', 'XI MPLB 1_STS_2526', 'MPLB', 'SISWA1511', 'CBT12345', 'siswa', 1),
(1512, 'K01030098249377', 'TALTHA KALILA HIDAYAT', 'XI MPLB 1_STS_2526', 'MPLB', 'SISWA1512', 'CBT12345', 'siswa', 1),
(1513, 'K01030098249378', 'TANIA DWI CAHYA', 'XI MPLB 1_STS_2526', 'MPLB', 'SISWA1513', 'CBT12345', 'siswa', 1),
(1514, 'K01030098249381', 'VERLITA NATANNIA', 'XI MPLB 1_STS_2526', 'MPLB', 'SISWA1514', 'CBT12345', 'siswa', 1),
(1515, 'K01030098249383', 'VINAYA ADILLA', 'XI MPLB 1_STS_2526', 'MPLB', 'SISWA1515', 'CBT12345', 'siswa', 1),
(1516, 'K01030098249386', 'ZAHRA DWI PUSPITA SARI', 'XI MPLB 1_STS_2526', 'MPLB', 'SISWA1516', 'CBT12345', 'siswa', 1),
(1517, 'K01030098249304', 'AMELIA AGUSTIN', 'XI MPLB 2_STS_2526', 'MPLB', 'SISWA1517', 'CBT12345', 'siswa', 1),
(1518, 'K01030098249305', 'ANDINA PUTRI AQILLAH', 'XI MPLB 2_STS_2526', 'MPLB', 'SISWA1518', 'CBT12345', 'siswa', 1),
(1519, 'K01030098249306', 'ANGGI ANGRAINI', 'XI MPLB 2_STS_2526', 'MPLB', 'SISWA1519', 'CBT12345', 'siswa', 1),
(1520, 'K01030098249307', 'ANGGRAENI INDAH PERTIWI', 'XI MPLB 2_STS_2526', 'MPLB', 'SISWA1520', 'CBT12345', 'siswa', 1),
(1521, 'K01030098249308', 'ANNE ANGGRAINI', 'XI MPLB 2_STS_2526', 'MPLB', 'SISWA1521', 'CBT12345', 'siswa', 1),
(1522, 'K01030098249310', 'AQILA AINIA FAHRANI', 'XI MPLB 2_STS_2526', 'MPLB', 'SISWA1522', 'CBT12345', 'siswa', 1),
(1523, 'K01030098249313', 'BELAWULAN DITA', 'XI MPLB 2_STS_2526', 'MPLB', 'SISWA1523', 'CBT12345', 'siswa', 1),
(1524, 'K01030098249315', 'BUNGA ANDIRA', 'XI MPLB 2_STS_2526', 'MPLB', 'SISWA1524', 'CBT12345', 'siswa', 1),
(1525, 'K01030098249318', 'citra puspita harti', 'XI MPLB 2_STS_2526', 'MPLB', 'SISWA1525', 'CBT12345', 'siswa', 1),
(1526, 'K01030098249320', 'DENA OLIVIA', 'XI MPLB 2_STS_2526', 'MPLB', 'SISWA1526', 'CBT12345', 'siswa', 1),
(1527, 'K01030098249321', 'DESSY KARLINA', 'XI MPLB 2_STS_2526', 'MPLB', 'SISWA1527', 'CBT12345', 'siswa', 1),
(1528, 'K01030098249324', 'DIAN ANJANI', 'XI MPLB 2_STS_2526', 'MPLB', 'SISWA1528', 'CBT12345', 'siswa', 1),
(1529, 'K01030098249325', 'DINAR MUBAROKAH', 'XI MPLB 2_STS_2526', 'MPLB', 'SISWA1529', 'CBT12345', 'siswa', 1),
(1530, 'K01030098249327', 'ESTIANA FARRAS ANDINI', 'XI MPLB 2_STS_2526', 'MPLB', 'SISWA1530', 'CBT12345', 'siswa', 1),
(1531, 'K01030098249328', 'FITRI GENIS AULIA', 'XI MPLB 2_STS_2526', 'MPLB', 'SISWA1531', 'CBT12345', 'siswa', 1),
(1532, 'K01030098249329', 'FITRI OKTAVIANI', 'XI MPLB 2_STS_2526', 'MPLB', 'SISWA1532', 'CBT12345', 'siswa', 1),
(1533, 'K01030098249331', 'JAHRA AULIA', 'XI MPLB 2_STS_2526', 'MPLB', 'SISWA1533', 'CBT12345', 'siswa', 1),
(1534, 'K01030098249333', 'KAYLA CAHYA DWI PUTRI SETYANI', 'XI MPLB 2_STS_2526', 'MPLB', 'SISWA1534', 'CBT12345', 'siswa', 1),
(1535, 'K01030098249334', 'KIRANA APRILIA SHAFITRI', 'XI MPLB 2_STS_2526', 'MPLB', 'SISWA1535', 'CBT12345', 'siswa', 1),
(1536, 'K01030098249337', 'LUNAFIKA HARIYANTI', 'XI MPLB 2_STS_2526', 'MPLB', 'SISWA1536', 'CBT12345', 'siswa', 1),
(1537, 'K01030098249340', 'MARSYA PUTRI IRAWAN', 'XI MPLB 2_STS_2526', 'MPLB', 'SISWA1537', 'CBT12345', 'siswa', 1),
(1538, 'K01030098249341', 'MAULANY CAHYA PERMATA DEWI', 'XI MPLB 2_STS_2526', 'MPLB', 'SISWA1538', 'CBT12345', 'siswa', 1),
(1539, 'K01030098249346', 'NASYA HAELUSI', 'XI MPLB 2_STS_2526', 'MPLB', 'SISWA1539', 'CBT12345', 'siswa', 1),
(1540, 'K01030098249348', 'NAYYARA RAMADHANTY SETIAWAN', 'XI MPLB 2_STS_2526', 'MPLB', 'SISWA1540', 'CBT12345', 'siswa', 1),
(1541, 'K01030098249350', 'NELY SAFITRI', 'XI MPLB 2_STS_2526', 'MPLB', 'SISWA1541', 'CBT12345', 'siswa', 1),
(1542, 'K01030098249352', 'Novel Allilah', 'XI MPLB 2_STS_2526', 'MPLB', 'SISWA1542', 'CBT12345', 'siswa', 1),
(1543, 'K01030098249353', 'NUR AZIZAH', 'XI MPLB 2_STS_2526', 'MPLB', 'SISWA1543', 'CBT12345', 'siswa', 1),
(1544, 'K01030098249358', 'RAHMAWATI', 'XI MPLB 2_STS_2526', 'MPLB', 'SISWA1544', 'CBT12345', 'siswa', 1),
(1545, 'K01030098249362', 'RIFFA RAMADHANI ANWAR', 'XI MPLB 2_STS_2526', 'MPLB', 'SISWA1545', 'CBT12345', 'siswa', 1),
(1546, 'K01030098249363', 'SELFY DESWYTA HAFIZHAH', 'XI MPLB 2_STS_2526', 'MPLB', 'SISWA1546', 'CBT12345', 'siswa', 1),
(1547, 'K01030098249366', 'SINTA AULIA WAHYUDI', 'XI MPLB 2_STS_2526', 'MPLB', 'SISWA1547', 'CBT12345', 'siswa', 1),
(1548, 'K01030098249369', 'Siti Marsela', 'XI MPLB 2_STS_2526', 'MPLB', 'SISWA1548', 'CBT12345', 'siswa', 1),
(1549, 'K01030098249371', 'SUCI RHAMADHINI', 'XI MPLB 2_STS_2526', 'MPLB', 'SISWA1549', 'CBT12345', 'siswa', 1),
(1550, 'K01030098249374', 'SYINTIA MAULIDA PUTRI', 'XI MPLB 2_STS_2526', 'MPLB', 'SISWA1550', 'CBT12345', 'siswa', 1),
(1551, 'K01030098249375', 'SYLVANA ANASTASIA', 'XI MPLB 2_STS_2526', 'MPLB', 'SISWA1551', 'CBT12345', 'siswa', 1),
(1552, 'K01030098249379', 'Tara Fuji Ramadani', 'XI MPLB 2_STS_2526', 'MPLB', 'SISWA1552', 'CBT12345', 'siswa', 1),
(1553, 'K01030098249380', 'THESYA LIDIA CHANDRA', 'XI MPLB 2_STS_2526', 'MPLB', 'SISWA1553', 'CBT12345', 'siswa', 1),
(1554, 'K01030098249382', 'VIKA PUSPITA SARI', 'XI MPLB 2_STS_2526', 'MPLB', 'SISWA1554', 'CBT12345', 'siswa', 1),
(1555, 'K01030098249385', 'ZAHRA AULIA', 'XI MPLB 2_STS_2526', 'MPLB', 'SISWA1555', 'CBT12345', 'siswa', 1),
(1556, 'K01030098249387', 'Ajeng Okti Nur Sopiani', 'XI PM_STS_2526', 'PM', 'SISWA1556', 'CBT12345', 'siswa', 1),
(1557, 'K01030098249388', 'ANGGA ADRIANSYAH', 'XI PM_STS_2526', 'PM', 'SISWA1557', 'CBT12345', 'siswa', 1),
(1558, 'K01030098249389', 'ASANDI HERIYAWAN', 'XI PM_STS_2526', 'PM', 'SISWA1558', 'CBT12345', 'siswa', 1),
(1559, 'K01030098249390', 'CHARLIEANSYAH', 'XI PM_STS_2526', 'PM', 'SISWA1559', 'CBT12345', 'siswa', 1),
(1560, 'K01030098249391', 'DHIMAS TIAR EFENDI', 'XI PM_STS_2526', 'PM', 'SISWA1560', 'CBT12345', 'siswa', 1),
(1561, 'K01030098249392', 'FADIYAH NIDA NAIFAH', 'XI PM_STS_2526', 'PM', 'SISWA1561', 'CBT12345', 'siswa', 1),
(1562, 'K01030098249393', 'FADLI BAHARUDDIN MAHBUB', 'XI PM_STS_2526', 'PM', 'SISWA1562', 'CBT12345', 'siswa', 1),
(1563, 'K01030098249394', 'FANI RAHMA SARI', 'XI PM_STS_2526', 'PM', 'SISWA1563', 'CBT12345', 'siswa', 1),
(1564, 'K01030098249397', 'FRIKA SEPTIANA', 'XI PM_STS_2526', 'PM', 'SISWA1564', 'CBT12345', 'siswa', 1),
(1565, 'K01030098249398', 'GADIS PERMATA SARI', 'XI PM_STS_2526', 'PM', 'SISWA1565', 'CBT12345', 'siswa', 1),
(1566, 'K01030098249399', 'HAFIZ FATHONI', 'XI PM_STS_2526', 'PM', 'SISWA1566', 'CBT12345', 'siswa', 1),
(1567, 'K01030098249400', 'IRSYAD AL FATIR', 'XI PM_STS_2526', 'PM', 'SISWA1567', 'CBT12345', 'siswa', 1),
(1568, 'K01030098249401', 'KAFKA SATRIA PRAJA', 'XI PM_STS_2526', 'PM', 'SISWA1568', 'CBT12345', 'siswa', 1),
(1569, 'K01030098249402', 'KIMI DINO PATTY', 'XI PM_STS_2526', 'PM', 'SISWA1569', 'CBT12345', 'siswa', 1),
(1570, 'K01030098249403', 'MARRTIN SETIAWAN', 'XI PM_STS_2526', 'PM', 'SISWA1570', 'CBT12345', 'siswa', 1),
(1571, 'K01030098249404', 'MELATI', 'XI PM_STS_2526', 'PM', 'SISWA1571', 'CBT12345', 'siswa', 1),
(1572, 'K01030098249405', 'MELLY SAPUTRI', 'XI PM_STS_2526', 'PM', 'SISWA1572', 'CBT12345', 'siswa', 1),
(1573, 'K01030098249406', 'MOCHAMMAD ARIANSYAH BACHTIAR', 'XI PM_STS_2526', 'PM', 'SISWA1573', 'CBT12345', 'siswa', 1),
(1574, 'K01030098249407', 'MOHAMMAD BAGUS KURNIAWAN', 'XI PM_STS_2526', 'PM', 'SISWA1574', 'CBT12345', 'siswa', 1),
(1575, 'K01030098249409', 'MUHAMAD ANDIKA PRATAMA', 'XI PM_STS_2526', 'PM', 'SISWA1575', 'CBT12345', 'siswa', 1),
(1576, 'K01030098249410', 'MUHAMMAD RAFAEL OBAMA', 'XI PM_STS_2526', 'PM', 'SISWA1576', 'CBT12345', 'siswa', 1),
(1577, 'K01030098249413', 'MUHAMMAD RAIHAN FADLIL', 'XI PM_STS_2526', 'PM', 'SISWA1577', 'CBT12345', 'siswa', 1),
(1578, 'K01030098249408', 'MUHAMMAD SYAH ROVI SUDARMAJI', 'XI PM_STS_2526', 'PM', 'SISWA1578', 'CBT12345', 'siswa', 1),
(1579, 'K01030098249412', 'NAILA AMIRA AGUSTIN', 'XI PM_STS_2526', 'PM', 'SISWA1579', 'CBT12345', 'siswa', 1),
(1580, 'K01030098249415', 'RESTU PRABAGAS', 'XI PM_STS_2526', 'PM', 'SISWA1580', 'CBT12345', 'siswa', 1),
(1581, 'K01030098249416', 'RIFKI WAHYU SETIAWAN', 'XI PM_STS_2526', 'PM', 'SISWA1581', 'CBT12345', 'siswa', 1),
(1582, 'K01030098249417', 'RIKO ULIL ABROR AL FATHONI', 'XI PM_STS_2526', 'PM', 'SISWA1582', 'CBT12345', 'siswa', 1),
(1583, 'K01030098249432', 'Rizcy Febryan Valenhaz Panjaitan', 'XI PM_STS_2526', 'PM', 'SISWA1583', 'CBT12345', 'siswa', 1),
(1584, 'K01030098249418', 'RIZKIANO RONALDO', 'XI PM_STS_2526', 'PM', 'SISWA1584', 'CBT12345', 'siswa', 1),
(1585, 'K01030098249419', 'SAFARAS AUFA AZALIA', 'XI PM_STS_2526', 'PM', 'SISWA1585', 'CBT12345', 'siswa', 1),
(1586, 'K01030098249420', 'SAHRUL GUNAWAN', 'XI PM_STS_2526', 'PM', 'SISWA1586', 'CBT12345', 'siswa', 1),
(1587, 'K01030098249421', 'SANDY SETIAWAN', 'XI PM_STS_2526', 'PM', 'SISWA1587', 'CBT12345', 'siswa', 1),
(1588, 'K01030098249422', 'SEPTIAN DWI CAHAYA RAMADHAN', 'XI PM_STS_2526', 'PM', 'SISWA1588', 'CBT12345', 'siswa', 1),
(1589, 'K01030098249423', 'SHAPY ALANSYACH', 'XI PM_STS_2526', 'PM', 'SISWA1589', 'CBT12345', 'siswa', 1),
(1590, 'K01030098249424', 'SIVA ELVIAN JULIANTI', 'XI PM_STS_2526', 'PM', 'SISWA1590', 'CBT12345', 'siswa', 1),
(1591, 'K01030098249426', 'TRI WINANTO', 'XI PM_STS_2526', 'PM', 'SISWA1591', 'CBT12345', 'siswa', 1),
(1592, 'K01030098249427', 'VIVI WULANDARI', 'XI PM_STS_2526', 'PM', 'SISWA1592', 'CBT12345', 'siswa', 1),
(1593, 'K01030098249428', 'WAHYU WIDODO', 'XI PM_STS_2526', 'PM', 'SISWA1593', 'CBT12345', 'siswa', 1),
(1594, 'K01030098249429', 'YENNI ANGGRAENI', 'XI PM_STS_2526', 'PM', 'SISWA1594', 'CBT12345', 'siswa', 1),
(1595, 'K01030098249430', 'YUDHA HERLAMBANG', 'XI PM_STS_2526', 'PM', 'SISWA1595', 'CBT12345', 'siswa', 1),
(1596, 'K01030098249431', 'YULIZAH MAURA', 'XI PM_STS_2526', 'PM', 'SISWA1596', 'CBT12345', 'siswa', 1),
(1597, 'K01030098249058', 'ADITYA FEBLISWANTO', 'XI TJKT 1_STS_2526', 'TJKT', 'SISWA1597', 'CBT12345', 'siswa', 1),
(1598, 'K01030098249068', 'ALFATH YASSIN SAPUTRA', 'XI TJKT 1_STS_2526', 'TJKT', 'SISWA1598', 'CBT12345', 'siswa', 1),
(1599, 'K01030098249069', 'ALFINSA HAIDAR KAFI', 'XI TJKT 1_STS_2526', 'TJKT', 'SISWA1599', 'CBT12345', 'siswa', 1),
(1600, 'K01030098249073', 'ANGGA BARAKA PRATAMA', 'XI TJKT 1_STS_2526', 'TJKT', 'SISWA1600', 'CBT12345', 'siswa', 1),
(1601, 'K01030098249074', 'ARIF MULIAWAN', 'XI TJKT 1_STS_2526', 'TJKT', 'SISWA1601', 'CBT12345', 'siswa', 1),
(1602, 'K01030098249078', 'ATSAUBAN RABANI', 'XI TJKT 1_STS_2526', 'TJKT', 'SISWA1602', 'CBT12345', 'siswa', 1),
(1603, 'K01030098249080', 'BERLIN HERIAWAN', 'XI TJKT 1_STS_2526', 'TJKT', 'SISWA1603', 'CBT12345', 'siswa', 1),
(1604, 'K01030098249083', 'CHRISTOFER LIMUDIN', 'XI TJKT 1_STS_2526', 'TJKT', 'SISWA1604', 'CBT12345', 'siswa', 1),
(1605, 'K01030098249084', 'DAFFA ARKANANTA RIVANO', 'XI TJKT 1_STS_2526', 'TJKT', 'SISWA1605', 'CBT12345', 'siswa', 1),
(1606, 'K01030098249085', 'Dava Ibrahimovic', 'XI TJKT 1_STS_2526', 'TJKT', 'SISWA1606', 'CBT12345', 'siswa', 1),
(1607, 'K01030098249090', 'DIMAS RAMADHAN', 'XI TJKT 1_STS_2526', 'TJKT', 'SISWA1607', 'CBT12345', 'siswa', 1),
(1608, 'K01030098249093', 'FAHRI PRASETYO', 'XI TJKT 1_STS_2526', 'TJKT', 'SISWA1608', 'CBT12345', 'siswa', 1),
(1609, 'K01030098249095', 'FAJAR GALIH PERMANA', 'XI TJKT 1_STS_2526', 'TJKT', 'SISWA1609', 'CBT12345', 'siswa', 1),
(1610, 'K01030098249102', 'FEBRI APRIYANTO', 'XI TJKT 1_STS_2526', 'TJKT', 'SISWA1610', 'CBT12345', 'siswa', 1),
(1611, 'K01030098249103', 'GABRIL AHMAD EL RASYID', 'XI TJKT 1_STS_2526', 'TJKT', 'SISWA1611', 'CBT12345', 'siswa', 1),
(1612, 'K01030098249108', 'HAFIDZ TYO NUGROHO', 'XI TJKT 1_STS_2526', 'TJKT', 'SISWA1612', 'CBT12345', 'siswa', 1),
(1613, 'K01030098249113', 'ISHAK MARSELINO BAUN', 'XI TJKT 1_STS_2526', 'TJKT', 'SISWA1613', 'CBT12345', 'siswa', 1),
(1614, 'K01030098249114', 'KAUTSAR ILHAM RIADI', 'XI TJKT 1_STS_2526', 'TJKT', 'SISWA1614', 'CBT12345', 'siswa', 1),
(1615, 'K01030098249116', 'KURNIAWAN RIZKY SAHROJI', 'XI TJKT 1_STS_2526', 'TJKT', 'SISWA1615', 'CBT12345', 'siswa', 1),
(1616, 'K01030098249119', 'M. RIONALDI PUTRA PRATAMA', 'XI TJKT 1_STS_2526', 'TJKT', 'SISWA1616', 'CBT12345', 'siswa', 1),
(1617, 'K01030098249120', 'Michael Tulus Artanto Pangaribuan', 'XI TJKT 1_STS_2526', 'TJKT', 'SISWA1617', 'CBT12345', 'siswa', 1),
(1618, 'K01030098249121', 'MOHAMAD ALI REZA MARPAUNG', 'XI TJKT 1_STS_2526', 'TJKT', 'SISWA1618', 'CBT12345', 'siswa', 1),
(1619, 'K01030098249125', 'MUHAMAD ALGI FAHRI', 'XI TJKT 1_STS_2526', 'TJKT', 'SISWA1619', 'CBT12345', 'siswa', 1),
(1620, 'K01030098249126', 'MUHAMAD FATUR ROHMAN', 'XI TJKT 1_STS_2526', 'TJKT', 'SISWA1620', 'CBT12345', 'siswa', 1),
(1621, 'K01030098249129', 'MUHAMAD RAFFI PRATAMA', 'XI TJKT 1_STS_2526', 'TJKT', 'SISWA1621', 'CBT12345', 'siswa', 1),
(1622, 'K01030098249150', 'NANDI RISMAN MAULANA', 'XI TJKT 1_STS_2526', 'TJKT', 'SISWA1622', 'CBT12345', 'siswa', 1),
(1623, 'K01030098249153', 'NAUFAL NAJMI NASRULLAH', 'XI TJKT 1_STS_2526', 'TJKT', 'SISWA1623', 'CBT12345', 'siswa', 1),
(1624, 'K01030098249154', 'NIELSON VINELIUS', 'XI TJKT 1_STS_2526', 'TJKT', 'SISWA1624', 'CBT12345', 'siswa', 1),
(1625, 'K01030098249161', 'PUTRA AISKA IBRAHIM', 'XI TJKT 1_STS_2526', 'TJKT', 'SISWA1625', 'CBT12345', 'siswa', 1),
(1626, 'K01030098249162', 'RAEHAN PUTRA ARDYANSYAH', 'XI TJKT 1_STS_2526', 'TJKT', 'SISWA1626', 'CBT12345', 'siswa', 1),
(1627, 'K01030098249168', 'RANDI PRATAMA', 'XI TJKT 1_STS_2526', 'TJKT', 'SISWA1627', 'CBT12345', 'siswa', 1),
(1628, 'K01030098249169', 'RAYHAN TRIKRISTIANTO', 'XI TJKT 1_STS_2526', 'TJKT', 'SISWA1628', 'CBT12345', 'siswa', 1),
(1629, 'K01030098249172', 'RIHDZA ARFARIDZI', 'XI TJKT 1_STS_2526', 'TJKT', 'SISWA1629', 'CBT12345', 'siswa', 1),
(1630, 'K01030098249173', 'RIO ANGGARA', 'XI TJKT 1_STS_2526', 'TJKT', 'SISWA1630', 'CBT12345', 'siswa', 1),
(1631, 'K01030098249177', 'RIZKI SAPUTRA', 'XI TJKT 1_STS_2526', 'TJKT', 'SISWA1631', 'CBT12345', 'siswa', 1),
(1632, 'K01030098249181', 'Sakira Rafa Lutfhiana', 'XI TJKT 1_STS_2526', 'TJKT', 'SISWA1632', 'CBT12345', 'siswa', 1),
(1633, 'K01030098249182', 'SEPTIAN RAHMADANI', 'XI TJKT 1_STS_2526', 'TJKT', 'SISWA1633', 'CBT12345', 'siswa', 1),
(1634, 'K01030098249183', 'SISWAN REGIANTAMA', 'XI TJKT 1_STS_2526', 'TJKT', 'SISWA1634', 'CBT12345', 'siswa', 1),
(1635, 'K01030098249184', 'STEVEN IRFAN ROMMADHONI', 'XI TJKT 1_STS_2526', 'TJKT', 'SISWA1635', 'CBT12345', 'siswa', 1),
(1636, 'K01030098249185', 'SUHENDAR', 'XI TJKT 1_STS_2526', 'TJKT', 'SISWA1636', 'CBT12345', 'siswa', 1),
(1637, 'K01030098249189', 'UJANG AKBAR MAULANA', 'XI TJKT 1_STS_2526', 'TJKT', 'SISWA1637', 'CBT12345', 'siswa', 1),
(1638, 'K01030098249433', 'ZULKIFLI MUKHTAR WIJAYA', 'XI TJKT 1_STS_2526', 'TJKT', 'SISWA1638', 'CBT12345', 'siswa', 1),
(1639, 'K01030098249060', 'ADITYA PUTRA PRATAMA', 'XI TJKT 2_STS_2526', 'TJKT', 'SISWA1639', 'CBT12345', 'siswa', 1),
(1640, 'K01030098249062', 'AFGHAN FIRMANSYAH', 'XI TJKT 2_STS_2526', 'TJKT', 'SISWA1640', 'CBT12345', 'siswa', 1),
(1641, 'K01030098249064', 'AGUSTIA SYABANI', 'XI TJKT 2_STS_2526', 'TJKT', 'SISWA1641', 'CBT12345', 'siswa', 1),
(1642, 'K01030098249065', 'AHMAD ABDUL GHANDI', 'XI TJKT 2_STS_2526', 'TJKT', 'SISWA1642', 'CBT12345', 'siswa', 1),
(1643, 'K01030098249066', 'AHMAD NAWAWI', 'XI TJKT 2_STS_2526', 'TJKT', 'SISWA1643', 'CBT12345', 'siswa', 1),
(1644, 'K01030098249077', 'ASIF LUTFI', 'XI TJKT 2_STS_2526', 'TJKT', 'SISWA1644', 'CBT12345', 'siswa', 1),
(1645, 'K01030098249079', 'BAGAS NOVAN TRI SANTOSO', 'XI TJKT 2_STS_2526', 'TJKT', 'SISWA1645', 'CBT12345', 'siswa', 1),
(1646, 'K01030098249086', 'DEDE ILYAS', 'XI TJKT 2_STS_2526', 'TJKT', 'SISWA1646', 'CBT12345', 'siswa', 1),
(1647, 'K01030098249088', 'DIAZ PERMANA', 'XI TJKT 2_STS_2526', 'TJKT', 'SISWA1647', 'CBT12345', 'siswa', 1),
(1648, 'K01030098249096', 'FAJAR PRATAMA MUHAMMAD RASO', 'XI TJKT 2_STS_2526', 'TJKT', 'SISWA1648', 'CBT12345', 'siswa', 1),
(1649, 'K01030098249098', 'FARREL EKA ANDINE', 'XI TJKT 2_STS_2526', 'TJKT', 'SISWA1649', 'CBT12345', 'siswa', 1),
(1650, 'K01030098249100', 'FAUZHAN BAKRIE ALKHAFI', 'XI TJKT 2_STS_2526', 'TJKT', 'SISWA1650', 'CBT12345', 'siswa', 1),
(1651, 'K01030098249101', 'FAWWAZ GHALY AL GIFARI', 'XI TJKT 2_STS_2526', 'TJKT', 'SISWA1651', 'CBT12345', 'siswa', 1),
(1652, 'K01030098249106', 'GALIH MAHMUD SYAHPUTRA', 'XI TJKT 2_STS_2526', 'TJKT', 'SISWA1652', 'CBT12345', 'siswa', 1),
(1653, 'K01030098249107', 'HAFID HADIANSYAH', 'XI TJKT 2_STS_2526', 'TJKT', 'SISWA1653', 'CBT12345', 'siswa', 1),
(1654, 'K01030098249109', 'HENDY GUNAWAN', 'XI TJKT 2_STS_2526', 'TJKT', 'SISWA1654', 'CBT12345', 'siswa', 1),
(1655, 'K01030098249110', 'IDZWAN BAIHAQI', 'XI TJKT 2_STS_2526', 'TJKT', 'SISWA1655', 'CBT12345', 'siswa', 1),
(1656, 'K01030098249111', 'Ilham Arya Winata', 'XI TJKT 2_STS_2526', 'TJKT', 'SISWA1656', 'CBT12345', 'siswa', 1),
(1657, 'K01030098249115', 'KEMAL YAHYA', 'XI TJKT 2_STS_2526', 'TJKT', 'SISWA1657', 'CBT12345', 'siswa', 1),
(1658, 'K01030098249118', 'M.BAEENAL CHAFID', 'XI TJKT 2_STS_2526', 'TJKT', 'SISWA1658', 'CBT12345', 'siswa', 1),
(1659, 'K01030098249122', 'MUCHAMAD ALVARIZI', 'XI TJKT 2_STS_2526', 'TJKT', 'SISWA1659', 'CBT12345', 'siswa', 1),
(1660, 'K01030098249127', 'MUHAMAD IBRAHIM', 'XI TJKT 2_STS_2526', 'TJKT', 'SISWA1660', 'CBT12345', 'siswa', 1),
(1661, 'K01030098249131', 'MUHAMAD RIDHO FINANSYAH', 'XI TJKT 2_STS_2526', 'TJKT', 'SISWA1661', 'CBT12345', 'siswa', 1),
(1662, 'K01030098249139', 'MUHAMMAD FAKHRAJ ABDILLAH', 'XI TJKT 2_STS_2526', 'TJKT', 'SISWA1662', 'CBT12345', 'siswa', 1),
(1663, 'K01030098249141', 'MUHAMMAD FAZRI', 'XI TJKT 2_STS_2526', 'TJKT', 'SISWA1663', 'CBT12345', 'siswa', 1),
(1664, 'K01030098249142', 'MUHAMMAD FIRDZI', 'XI TJKT 2_STS_2526', 'TJKT', 'SISWA1664', 'CBT12345', 'siswa', 1),
(1665, 'K01030098249143', 'MUHAMMAD ILHAM TRI ANDHIKA', 'XI TJKT 2_STS_2526', 'TJKT', 'SISWA1665', 'CBT12345', 'siswa', 1),
(1666, 'K01030098249145', 'MUHAMMAD KHOIRUL RIZAL', 'XI TJKT 2_STS_2526', 'TJKT', 'SISWA1666', 'CBT12345', 'siswa', 1),
(1667, 'K01030098249151', 'NASHRUL AUFA RIYADI', 'XI TJKT 2_STS_2526', 'TJKT', 'SISWA1667', 'CBT12345', 'siswa', 1),
(1668, 'K01030098249152', 'NATHAN AGHEL SEBASTIAN', 'XI TJKT 2_STS_2526', 'TJKT', 'SISWA1668', 'CBT12345', 'siswa', 1),
(1669, 'K01030098249156', 'NUR IKHSAN', 'XI TJKT 2_STS_2526', 'TJKT', 'SISWA1669', 'CBT12345', 'siswa', 1),
(1670, 'K01030098249158', 'PANJI SETYAWAN', 'XI TJKT 2_STS_2526', 'TJKT', 'SISWA1670', 'CBT12345', 'siswa', 1),
(1671, 'K01030098249159', 'PATO RAMIZ HASYID', 'XI TJKT 2_STS_2526', 'TJKT', 'SISWA1671', 'CBT12345', 'siswa', 1),
(1672, 'K01030098249166', 'RAHLIL KUNTA BAYU WASKITA', 'XI TJKT 2_STS_2526', 'TJKT', 'SISWA1672', 'CBT12345', 'siswa', 1),
(1673, 'K01030098249170', 'RENDY AKBAR PRATAMA', 'XI TJKT 2_STS_2526', 'TJKT', 'SISWA1673', 'CBT12345', 'siswa', 1),
(1674, 'K01030098249174', 'RIO HADINATA', 'XI TJKT 2_STS_2526', 'TJKT', 'SISWA1674', 'CBT12345', 'siswa', 1),
(1675, 'K01030098249175', 'RIZAL ADITYA PRASETYO', 'XI TJKT 2_STS_2526', 'TJKT', 'SISWA1675', 'CBT12345', 'siswa', 1),
(1676, 'K01030098249176', 'RIZIEQ GIBRANI AZZAM', 'XI TJKT 2_STS_2526', 'TJKT', 'SISWA1676', 'CBT12345', 'siswa', 1),
(1677, 'K01030098249187', 'SYAHRAN RAMADHAN', 'XI TJKT 2_STS_2526', 'TJKT', 'SISWA1677', 'CBT12345', 'siswa', 1),
(1678, 'K01030098249190', 'Yusuf Abdul Hakim', 'XI TJKT 2_STS_2526', 'TJKT', 'SISWA1678', 'CBT12345', 'siswa', 1),
(1679, 'K01030098249057', 'ACHMAD FURQON AL FALLAKHI', 'XI TJKT 3_STS_2526', 'TJKT', 'SISWA1679', 'CBT12345', 'siswa', 1),
(1680, 'K01030098249059', 'ADITYA KHESYAR RAMDAN NUGRAHA', 'XI TJKT 3_STS_2526', 'TJKT', 'SISWA1680', 'CBT12345', 'siswa', 1),
(1681, 'K01030098249063', 'AGUNG PRIYATNA', 'XI TJKT 3_STS_2526', 'TJKT', 'SISWA1681', 'CBT12345', 'siswa', 1),
(1682, 'K01030098249067', 'ALFAJAR RAMADHAN', 'XI TJKT 3_STS_2526', 'TJKT', 'SISWA1682', 'CBT12345', 'siswa', 1),
(1683, 'K01030098249071', 'Alvino Rafa Ardhian', 'XI TJKT 3_STS_2526', 'TJKT', 'SISWA1683', 'CBT12345', 'siswa', 1),
(1684, 'K01030098249072', 'ANDIKA PUTRA ISKANDAR', 'XI TJKT 3_STS_2526', 'TJKT', 'SISWA1684', 'CBT12345', 'siswa', 1),
(1685, 'K01030098249075', 'Arjuna Dirgantara', 'XI TJKT 3_STS_2526', 'TJKT', 'SISWA1685', 'CBT12345', 'siswa', 1),
(1686, 'K01030098249076', 'ARKA RAMDHAN SEPTIAN', 'XI TJKT 3_STS_2526', 'TJKT', 'SISWA1686', 'CBT12345', 'siswa', 1),
(1687, 'K01030098249081', 'BUDI MULYANTO', 'XI TJKT 3_STS_2526', 'TJKT', 'SISWA1687', 'CBT12345', 'siswa', 1),
(1688, 'K01030098249082', 'CHRISTIAN CHANDRA', 'XI TJKT 3_STS_2526', 'TJKT', 'SISWA1688', 'CBT12345', 'siswa', 1),
(1689, 'K01030098249087', 'DHIKA AHLAN FATIH', 'XI TJKT 3_STS_2526', 'TJKT', 'SISWA1689', 'CBT12345', 'siswa', 1),
(1690, 'K01030098249089', 'DIKA ARDIYANSYAH', 'XI TJKT 3_STS_2526', 'TJKT', 'SISWA1690', 'CBT12345', 'siswa', 1),
(1691, 'K01030098249091', 'EGI NOFRIANSYAH', 'XI TJKT 3_STS_2526', 'TJKT', 'SISWA1691', 'CBT12345', 'siswa', 1),
(1692, 'K01030098249092', 'FAHRI FAILA', 'XI TJKT 3_STS_2526', 'TJKT', 'SISWA1692', 'CBT12345', 'siswa', 1),
(1693, 'K01030098249094', 'Faiz Rahmatulloh', 'XI TJKT 3_STS_2526', 'TJKT', 'SISWA1693', 'CBT12345', 'siswa', 1),
(1694, 'K01030098249097', 'FAJAR SETIAWAN', 'XI TJKT 3_STS_2526', 'TJKT', 'SISWA1694', 'CBT12345', 'siswa', 1),
(1695, 'K01030098249105', 'GALIH FATIHAH CANDRA', 'XI TJKT 3_STS_2526', 'TJKT', 'SISWA1695', 'CBT12345', 'siswa', 1),
(1696, 'K01030098249112', 'IQBAL NABIL AMRULLOH', 'XI TJKT 3_STS_2526', 'TJKT', 'SISWA1696', 'CBT12345', 'siswa', 1),
(1697, 'K01030098249117', 'LUTFI SYI\'ARUDIN NUR HABBIBI', 'XI TJKT 3_STS_2526', 'TJKT', 'SISWA1697', 'CBT12345', 'siswa', 1),
(1698, 'K01030098249123', 'MUHAMAD AGUS SAPUTRA', 'XI TJKT 3_STS_2526', 'TJKT', 'SISWA1698', 'CBT12345', 'siswa', 1),
(1699, 'K01030098249124', 'MUHAMAD ALFIANSYAH ALI', 'XI TJKT 3_STS_2526', 'TJKT', 'SISWA1699', 'CBT12345', 'siswa', 1),
(1700, 'K01030098249132', 'MUHAMAD RIZKY ADITYA', 'XI TJKT 3_STS_2526', 'TJKT', 'SISWA1700', 'CBT12345', 'siswa', 1),
(1701, 'K01030098249134', 'MUHAMMAD ARVA FIKRI YULIANTO', 'XI TJKT 3_STS_2526', 'TJKT', 'SISWA1701', 'CBT12345', 'siswa', 1),
(1702, 'K01030098249135', 'MUHAMMAD CANDRA SAPUTRA', 'XI TJKT 3_STS_2526', 'TJKT', 'SISWA1702', 'CBT12345', 'siswa', 1),
(1703, 'K01030098249137', 'Muhammad Faik Fadillah', 'XI TJKT 3_STS_2526', 'TJKT', 'SISWA1703', 'CBT12345', 'siswa', 1),
(1704, 'K01030098249138', 'Muhammad fajar maulana', 'XI TJKT 3_STS_2526', 'TJKT', 'SISWA1704', 'CBT12345', 'siswa', 1),
(1705, 'K01030098249140', 'MUHAMMAD FATHUR ROHMAN', 'XI TJKT 3_STS_2526', 'TJKT', 'SISWA1705', 'CBT12345', 'siswa', 1),
(1706, 'K01030098249128', 'MUHAMMAD PUTRA PRAYOGA', 'XI TJKT 3_STS_2526', 'TJKT', 'SISWA1706', 'CBT12345', 'siswa', 1),
(1707, 'K01030098249146', 'MUHAMMAD RAHIL ISLAMI', 'XI TJKT 3_STS_2526', 'TJKT', 'SISWA1707', 'CBT12345', 'siswa', 1),
(1708, 'K01030098249147', 'MUHAMMAD RENALDY SETIAWAN', 'XI TJKT 3_STS_2526', 'TJKT', 'SISWA1708', 'CBT12345', 'siswa', 1),
(1709, 'K01030098249148', 'MUHAMMAD RULI ZALFIAN', 'XI TJKT 3_STS_2526', 'TJKT', 'SISWA1709', 'CBT12345', 'siswa', 1),
(1710, 'K01030098249149', 'MUHAMMAD SAPUTRA APRIANSA', 'XI TJKT 3_STS_2526', 'TJKT', 'SISWA1710', 'CBT12345', 'siswa', 1),
(1711, 'K01030098249155', 'NOVAN ADITYA PRADANA', 'XI TJKT 3_STS_2526', 'TJKT', 'SISWA1711', 'CBT12345', 'siswa', 1),
(1712, 'K01030098249157', 'PADLI APRILIANSYAH', 'XI TJKT 3_STS_2526', 'TJKT', 'SISWA1712', 'CBT12345', 'siswa', 1),
(1713, 'K01030098249160', 'PRADIKA CHANDRA', 'XI TJKT 3_STS_2526', 'TJKT', 'SISWA1713', 'CBT12345', 'siswa', 1),
(1714, 'K01030098249163', 'RAFAEL AHZA SIMALANGO', 'XI TJKT 3_STS_2526', 'TJKT', 'SISWA1714', 'CBT12345', 'siswa', 1),
(1715, 'K01030098249164', 'RAFLI ERI ARYANTO', 'XI TJKT 3_STS_2526', 'TJKT', 'SISWA1715', 'CBT12345', 'siswa', 1),
(1716, 'K01030098249167', 'RAHSA RAMADHANA', 'XI TJKT 3_STS_2526', 'TJKT', 'SISWA1716', 'CBT12345', 'siswa', 1),
(1717, 'K01030098249171', 'REVALDO', 'XI TJKT 3_STS_2526', 'TJKT', 'SISWA1717', 'CBT12345', 'siswa', 1),
(1718, 'K01030098249178', 'RIZKY FIRMANSYAH', 'XI TJKT 3_STS_2526', 'TJKT', 'SISWA1718', 'CBT12345', 'siswa', 1),
(1719, 'K01030098249179', 'RIZQI ABDUL MAJID', 'XI TJKT 3_STS_2526', 'TJKT', 'SISWA1719', 'CBT12345', 'siswa', 1),
(1720, 'K01030098249180', 'RIZQI FADHILLAH', 'XI TJKT 3_STS_2526', 'TJKT', 'SISWA1720', 'CBT12345', 'siswa', 1),
(1721, 'K01030098249186', 'SYAFRIANSAH FAHRUL ZAKY', 'XI TJKT 3_STS_2526', 'TJKT', 'SISWA1721', 'CBT12345', 'siswa', 1),
(1722, 'K01030098249188', 'TRI DASTA', 'XI TJKT 3_STS_2526', 'TJKT', 'SISWA1722', 'CBT12345', 'siswa', 1),
(1723, 'K01030098238776', 'ABDUL RAHMAN AS SAMI', 'XII AKL 1_SAS_2526', 'AKL', 'SISWA1723', 'CBT12345', 'siswa', 1),
(1724, 'K01030098238779', 'AFRILIANI', 'XII AKL 1_SAS_2526', 'AKL', 'SISWA1724', 'CBT12345', 'siswa', 1),
(1725, 'K01030098238780', 'AHMAD DWI ILHAM', 'XII AKL 1_SAS_2526', 'AKL', 'SISWA1725', 'CBT12345', 'siswa', 1),
(1726, 'K01030098238782', 'AHMAD RASYA PRAYOGA', 'XII AKL 1_SAS_2526', 'AKL', 'SISWA1726', 'CBT12345', 'siswa', 1),
(1727, 'K01030098238783', 'AJI PRASETIYO', 'XII AKL 1_SAS_2526', 'AKL', 'SISWA1727', 'CBT12345', 'siswa', 1),
(1728, 'K01030098238784', 'ALDO PRATAMA', 'XII AKL 1_SAS_2526', 'AKL', 'SISWA1728', 'CBT12345', 'siswa', 1),
(1729, 'K01030098238785', 'ALIF RAMADHONA', 'XII AKL 1_SAS_2526', 'AKL', 'SISWA1729', 'CBT12345', 'siswa', 1),
(1730, 'K01030098238786', 'AMELIA ANGGRAENI', 'XII AKL 1_SAS_2526', 'AKL', 'SISWA1730', 'CBT12345', 'siswa', 1),
(1731, 'K01030098238789', 'Aqilla Rafa Amelia', 'XII AKL 1_SAS_2526', 'AKL', 'SISWA1731', 'CBT12345', 'siswa', 1),
(1732, 'K01030098238792', 'AULIA AZIZAH', 'XII AKL 1_SAS_2526', 'AKL', 'SISWA1732', 'CBT12345', 'siswa', 1),
(1733, 'K01030098238793', 'BAYU AJI PRATAMA', 'XII AKL 1_SAS_2526', 'AKL', 'SISWA1733', 'CBT12345', 'siswa', 1),
(1734, 'K01030098238794', 'Cesyar Ramadhan', 'XII AKL 1_SAS_2526', 'AKL', 'SISWA1734', 'CBT12345', 'siswa', 1),
(1735, 'K01030098238795', 'CHELSEA NAFISA', 'XII AKL 1_SAS_2526', 'AKL', 'SISWA1735', 'CBT12345', 'siswa', 1),
(1736, 'K01030098238798', 'DAVINA NAZILLA ZALFA', 'XII AKL 1_SAS_2526', 'AKL', 'SISWA1736', 'CBT12345', 'siswa', 1),
(1737, 'K01030098238801', 'DEALOVA YOCHIKA', 'XII AKL 1_SAS_2526', 'AKL', 'SISWA1737', 'CBT12345', 'siswa', 1),
(1738, 'K01030098238803', 'DELA NUR AZIZAH', 'XII AKL 1_SAS_2526', 'AKL', 'SISWA1738', 'CBT12345', 'siswa', 1),
(1739, 'K01030098238804', 'DELLA PUSPITA SARI', 'XII AKL 1_SAS_2526', 'AKL', 'SISWA1739', 'CBT12345', 'siswa', 1),
(1740, 'K01030098238808', 'DIKA JULISTIAN', 'XII AKL 1_SAS_2526', 'AKL', 'SISWA1740', 'CBT12345', 'siswa', 1),
(1741, 'K01030098238810', 'EKA NOVIA ALYZKA', 'XII AKL 1_SAS_2526', 'AKL', 'SISWA1741', 'CBT12345', 'siswa', 1),
(1742, 'K01030098238812', 'ELSAH RAMADHANI', 'XII AKL 1_SAS_2526', 'AKL', 'SISWA1742', 'CBT12345', 'siswa', 1),
(1743, 'K01030098238814', 'FAIZAL AKHMAD FAKHREZI', 'XII AKL 1_SAS_2526', 'AKL', 'SISWA1743', 'CBT12345', 'siswa', 1),
(1744, 'K01030098238816', 'GILANG SAPUTRA', 'XII AKL 1_SAS_2526', 'AKL', 'SISWA1744', 'CBT12345', 'siswa', 1),
(1745, 'K01030098239052', 'Handoko Dwi Oktaviana', 'XII AKL 1_SAS_2526', 'AKL', 'SISWA1745', 'CBT12345', 'siswa', 1),
(1746, 'K01030098238820', 'JULIA RAHMAWATI', 'XII AKL 1_SAS_2526', 'AKL', 'SISWA1746', 'CBT12345', 'siswa', 1),
(1747, 'K01030098238821', 'KAILA ZAHRA', 'XII AKL 1_SAS_2526', 'AKL', 'SISWA1747', 'CBT12345', 'siswa', 1),
(1748, 'K01030098238823', 'KHESYA HARYANTI', 'XII AKL 1_SAS_2526', 'AKL', 'SISWA1748', 'CBT12345', 'siswa', 1),
(1749, 'K01030098238825', 'Mala Ramadani', 'XII AKL 1_SAS_2526', 'AKL', 'SISWA1749', 'CBT12345', 'siswa', 1),
(1750, 'K01030098238827', 'MEGA APRILIA ANGGREINI', 'XII AKL 1_SAS_2526', 'AKL', 'SISWA1750', 'CBT12345', 'siswa', 1),
(1751, 'K01030098238829', 'MELISA NADIA PUTRI', 'XII AKL 1_SAS_2526', 'AKL', 'SISWA1751', 'CBT12345', 'siswa', 1),
(1752, 'K01030098238833', 'MUHAMMAD KHOLIK', 'XII AKL 1_SAS_2526', 'AKL', 'SISWA1752', 'CBT12345', 'siswa', 1),
(1753, 'K01030098238834', 'MUHAMMAD NUR ILHAM', 'XII AKL 1_SAS_2526', 'AKL', 'SISWA1753', 'CBT12345', 'siswa', 1),
(1754, 'K01030098238844', 'PUSPITA ANGGRAENI MARETA', 'XII AKL 1_SAS_2526', 'AKL', 'SISWA1754', 'CBT12345', 'siswa', 1),
(1755, 'K01030098238846', 'RAISYAH IRAWAN', 'XII AKL 1_SAS_2526', 'AKL', 'SISWA1755', 'CBT12345', 'siswa', 1),
(1756, 'K01030098238848', 'RISKA AMELIA', 'XII AKL 1_SAS_2526', 'AKL', 'SISWA1756', 'CBT12345', 'siswa', 1),
(1757, 'K01030098238852', 'SAGITA TRI CAHYANI', 'XII AKL 1_SAS_2526', 'AKL', 'SISWA1757', 'CBT12345', 'siswa', 1),
(1758, 'K01030098238854', 'SALSA ARIESTY PRATAMA', 'XII AKL 1_SAS_2526', 'AKL', 'SISWA1758', 'CBT12345', 'siswa', 1),
(1759, 'K01030098238856', 'SITI HANIIFAH', 'XII AKL 1_SAS_2526', 'AKL', 'SISWA1759', 'CBT12345', 'siswa', 1),
(1760, 'K01030098238859', 'VIOLLETTE GABRIELA CHRISANTA', 'XII AKL 1_SAS_2526', 'AKL', 'SISWA1760', 'CBT12345', 'siswa', 1),
(1761, 'K01030098238861', 'WILLIAM ELGIE FEDROSA', 'XII AKL 1_SAS_2526', 'AKL', 'SISWA1761', 'CBT12345', 'siswa', 1),
(1762, 'K01030098238863', 'YENNY', 'XII AKL 1_SAS_2526', 'AKL', 'SISWA1762', 'CBT12345', 'siswa', 1),
(1763, 'K01030098238866', 'ZAHRA AL RIZKY ARTA', 'XII AKL 1_SAS_2526', 'AKL', 'SISWA1763', 'CBT12345', 'siswa', 1),
(1764, 'K01030098238777', 'ADITIYA FIRMANSYAH', 'XII AKL 2_SAS_2526', 'AKL', 'SISWA1764', 'CBT12345', 'siswa', 1),
(1765, 'K01030098238778', 'AFIFAH PERWITA SARI', 'XII AKL 2_SAS_2526', 'AKL', 'SISWA1765', 'CBT12345', 'siswa', 1),
(1766, 'K01030098238781', 'AHMAD MAULANA MARCEL', 'XII AKL 2_SAS_2526', 'AKL', 'SISWA1766', 'CBT12345', 'siswa', 1),
(1767, 'K01030098238787', 'ANANG TRI YULIANTO', 'XII AKL 2_SAS_2526', 'AKL', 'SISWA1767', 'CBT12345', 'siswa', 1),
(1768, 'K01030098238788', 'ANISAH FITRI', 'XII AKL 2_SAS_2526', 'AKL', 'SISWA1768', 'CBT12345', 'siswa', 1),
(1769, 'K01030098238790', 'Ardi Saputra', 'XII AKL 2_SAS_2526', 'AKL', 'SISWA1769', 'CBT12345', 'siswa', 1),
(1770, 'K01030098238791', 'Arini Wulandari', 'XII AKL 2_SAS_2526', 'AKL', 'SISWA1770', 'CBT12345', 'siswa', 1),
(1771, 'K01030098238797', 'DAMAR NOPRIANSAH', 'XII AKL 2_SAS_2526', 'AKL', 'SISWA1771', 'CBT12345', 'siswa', 1),
(1772, 'K01030098238799', 'DEA SAFITRI', 'XII AKL 2_SAS_2526', 'AKL', 'SISWA1772', 'CBT12345', 'siswa', 1),
(1773, 'K01030098238800', 'DEACY PUTRI AULIA', 'XII AKL 2_SAS_2526', 'AKL', 'SISWA1773', 'CBT12345', 'siswa', 1),
(1774, 'K01030098238802', 'DEFAN AHMAD NURKHOLIS', 'XII AKL 2_SAS_2526', 'AKL', 'SISWA1774', 'CBT12345', 'siswa', 1),
(1775, 'K01030098238805', 'DESLYANA SAFITRI', 'XII AKL 2_SAS_2526', 'AKL', 'SISWA1775', 'CBT12345', 'siswa', 1),
(1776, 'K01030098238806', 'DEWI JULIANTI SAPITRI', 'XII AKL 2_SAS_2526', 'AKL', 'SISWA1776', 'CBT12345', 'siswa', 1),
(1777, 'K01030098238807', 'DEWI SOFIA KUNUPUS', 'XII AKL 2_SAS_2526', 'AKL', 'SISWA1777', 'CBT12345', 'siswa', 1),
(1778, 'K01030098238809', 'DWI SUSILAWATI', 'XII AKL 2_SAS_2526', 'AKL', 'SISWA1778', 'CBT12345', 'siswa', 1),
(1779, 'K01030098238813', 'FAHRY ARDIANSYAH', 'XII AKL 2_SAS_2526', 'AKL', 'SISWA1779', 'CBT12345', 'siswa', 1),
(1780, 'K01030098238815', 'GHEA PEBRIANA', 'XII AKL 2_SAS_2526', 'AKL', 'SISWA1780', 'CBT12345', 'siswa', 1),
(1781, 'K01030098238817', 'HENNY KALINA', 'XII AKL 2_SAS_2526', 'AKL', 'SISWA1781', 'CBT12345', 'siswa', 1),
(1782, 'K01030098238818', 'HILAL RAMDHANI', 'XII AKL 2_SAS_2526', 'AKL', 'SISWA1782', 'CBT12345', 'siswa', 1),
(1783, 'K01030098238822', 'KEYSA PUTRI MELANDRI', 'XII AKL 2_SAS_2526', 'AKL', 'SISWA1783', 'CBT12345', 'siswa', 1),
(1784, 'K01030098238824', 'M FERZIANSYAH SAPUTRA', 'XII AKL 2_SAS_2526', 'AKL', 'SISWA1784', 'CBT12345', 'siswa', 1),
(1785, 'K01030098238826', 'MARSYA HALWA MARITZA', 'XII AKL 2_SAS_2526', 'AKL', 'SISWA1785', 'CBT12345', 'siswa', 1),
(1786, 'K01030098238828', 'MELIFTIANI', 'XII AKL 2_SAS_2526', 'AKL', 'SISWA1786', 'CBT12345', 'siswa', 1),
(1787, 'K01030098238830', 'MUHAMAD FAHREZY FAIRUS', 'XII AKL 2_SAS_2526', 'AKL', 'SISWA1787', 'CBT12345', 'siswa', 1),
(1788, 'K01030098238831', 'MUHAMAD RIZAL YUSWANTO', 'XII AKL 2_SAS_2526', 'AKL', 'SISWA1788', 'CBT12345', 'siswa', 1),
(1789, 'K01030098238832', 'MUHAMMAD FAHRIF', 'XII AKL 2_SAS_2526', 'AKL', 'SISWA1789', 'CBT12345', 'siswa', 1),
(1790, 'K01030098238835', 'MUHAMMAD RIFALDIANSYAH', 'XII AKL 2_SAS_2526', 'AKL', 'SISWA1790', 'CBT12345', 'siswa', 1),
(1791, 'K01030098238836', 'NABILA DWI LESTARI', 'XII AKL 2_SAS_2526', 'AKL', 'SISWA1791', 'CBT12345', 'siswa', 1),
(1792, 'K01030098238837', 'NAYNA MULYANI', 'XII AKL 2_SAS_2526', 'AKL', 'SISWA1792', 'CBT12345', 'siswa', 1),
(1793, 'K01030098238839', 'NAZWA ZAENABO', 'XII AKL 2_SAS_2526', 'AKL', 'SISWA1793', 'CBT12345', 'siswa', 1),
(1794, 'K01030098238840', 'NIKEISHA ANINDYA FAUZI', 'XII AKL 2_SAS_2526', 'AKL', 'SISWA1794', 'CBT12345', 'siswa', 1),
(1795, 'K01030098238842', 'PANDU ANANG WIDODO SAPUTRA', 'XII AKL 2_SAS_2526', 'AKL', 'SISWA1795', 'CBT12345', 'siswa', 1),
(1796, 'K01030098238845', 'RAISHA NURDIANA', 'XII AKL 2_SAS_2526', 'AKL', 'SISWA1796', 'CBT12345', 'siswa', 1),
(1797, 'K01030098239054', 'RASYA ARDIANSYAH', 'XII AKL 2_SAS_2526', 'AKL', 'SISWA1797', 'CBT12345', 'siswa', 1),
(1798, 'K01030098238849', 'RISMA NUR INDAH LESTARI', 'XII AKL 2_SAS_2526', 'AKL', 'SISWA1798', 'CBT12345', 'siswa', 1),
(1799, 'K01030098238850', 'RIZKA CAHAYA RAMADHAN', 'XII AKL 2_SAS_2526', 'AKL', 'SISWA1799', 'CBT12345', 'siswa', 1),
(1800, 'K01030098238851', 'RYAN DWI ARDIANSYAH', 'XII AKL 2_SAS_2526', 'AKL', 'SISWA1800', 'CBT12345', 'siswa', 1),
(1801, 'K01030098238853', 'SALMA NUR AISYAH', 'XII AKL 2_SAS_2526', 'AKL', 'SISWA1801', 'CBT12345', 'siswa', 1),
(1802, 'K01030098238857', 'SITI NURAINI', 'XII AKL 2_SAS_2526', 'AKL', 'SISWA1802', 'CBT12345', 'siswa', 1),
(1803, 'K01030098238858', 'TIARA KUSUMA NINGRUM', 'XII AKL 2_SAS_2526', 'AKL', 'SISWA1803', 'CBT12345', 'siswa', 1),
(1804, 'K01030098238862', 'WULAN DWI RAMADANI', 'XII AKL 2_SAS_2526', 'AKL', 'SISWA1804', 'CBT12345', 'siswa', 1),
(1805, 'K01030098238867', 'ZALSA MAYSHA ADELLA', 'XII AKL 2_SAS_2526', 'AKL', 'SISWA1805', 'CBT12345', 'siswa', 1),
(1806, 'K01030098239007', 'ADAM MAULANA', 'XII DKV_SAS_2526', 'DKV', 'SISWA1806', 'CBT12345', 'siswa', 1),
(1807, 'K01030098239008', 'ADITYA KRISNA DJAJA', 'XII DKV_SAS_2526', 'DKV', 'SISWA1807', 'CBT12345', 'siswa', 1),
(1808, 'K01030098239009', 'Aditya Tangguh Pramana Putra', 'XII DKV_SAS_2526', 'DKV', 'SISWA1808', 'CBT12345', 'siswa', 1),
(1809, 'K01030098239010', 'ADRIAN SANJAYA', 'XII DKV_SAS_2526', 'DKV', 'SISWA1809', 'CBT12345', 'siswa', 1),
(1810, 'K01030098239012', 'CARRYN FEBRIANTY', 'XII DKV_SAS_2526', 'DKV', 'SISWA1810', 'CBT12345', 'siswa', 1),
(1811, 'K01030098239014', 'DAENG DALLE', 'XII DKV_SAS_2526', 'DKV', 'SISWA1811', 'CBT12345', 'siswa', 1),
(1812, 'K01030098239015', 'DIRA PUTRI RAHMASARI', 'XII DKV_SAS_2526', 'DKV', 'SISWA1812', 'CBT12345', 'siswa', 1),
(1813, 'K01030098239017', 'DWIKI JULIYANA', 'XII DKV_SAS_2526', 'DKV', 'SISWA1813', 'CBT12345', 'siswa', 1),
(1814, 'K01030098239018', 'Ekklesia Firda Liana', 'XII DKV_SAS_2526', 'DKV', 'SISWA1814', 'CBT12345', 'siswa', 1),
(1815, 'K01030098239019', 'ERIYANI RAHMA', 'XII DKV_SAS_2526', 'DKV', 'SISWA1815', 'CBT12345', 'siswa', 1),
(1816, 'K01030098209020', 'EVAN AGUSTIAZ EFENDI', 'XII DKV_SAS_2526', 'DKV', 'SISWA1816', 'CBT12345', 'siswa', 1),
(1817, 'K01030098239021', 'FAHRI APRIANSYAH', 'XII DKV_SAS_2526', 'DKV', 'SISWA1817', 'CBT12345', 'siswa', 1),
(1818, 'K01030098239022', 'FAHRI SEPTIAWAN', 'XII DKV_SAS_2526', 'DKV', 'SISWA1818', 'CBT12345', 'siswa', 1),
(1819, 'K01030098239023', 'FARREL DWI IRWANTO', 'XII DKV_SAS_2526', 'DKV', 'SISWA1819', 'CBT12345', 'siswa', 1),
(1820, 'K01030098239025', 'FITRI WULANDARI', 'XII DKV_SAS_2526', 'DKV', 'SISWA1820', 'CBT12345', 'siswa', 1),
(1821, 'K01030098239024', 'FITRIA ROBBY ANI', 'XII DKV_SAS_2526', 'DKV', 'SISWA1821', 'CBT12345', 'siswa', 1),
(1822, 'K01030098238699', 'HELMY KURNIAWAN', 'XII DKV_SAS_2526', 'DKV', 'SISWA1822', 'CBT12345', 'siswa', 1),
(1823, 'K01030098239026', 'IQBAL HABIBALLAH', 'XII DKV_SAS_2526', 'DKV', 'SISWA1823', 'CBT12345', 'siswa', 1),
(1824, 'K01030098239027', 'KIKI CAHYONO', 'XII DKV_SAS_2526', 'DKV', 'SISWA1824', 'CBT12345', 'siswa', 1),
(1825, 'K01030098239029', 'MARCHO SIMON PETRUS BANU', 'XII DKV_SAS_2526', 'DKV', 'SISWA1825', 'CBT12345', 'siswa', 1),
(1826, 'K01030098239030', 'MAULIDHA NUR IZATIN', 'XII DKV_SAS_2526', 'DKV', 'SISWA1826', 'CBT12345', 'siswa', 1),
(1827, 'K01030098239031', 'MAULINDA DEWI', 'XII DKV_SAS_2526', 'DKV', 'SISWA1827', 'CBT12345', 'siswa', 1),
(1828, 'K01030098239034', 'MUHAMAD BIAN NURHIKMAH', 'XII DKV_SAS_2526', 'DKV', 'SISWA1828', 'CBT12345', 'siswa', 1),
(1829, 'K01030098239035', 'MUHAMAD RIDWAN', 'XII DKV_SAS_2526', 'DKV', 'SISWA1829', 'CBT12345', 'siswa', 1),
(1830, 'K01030098239036', 'MUHAMMAD ALFATH', 'XII DKV_SAS_2526', 'DKV', 'SISWA1830', 'CBT12345', 'siswa', 1),
(1831, 'K01030098239037', 'MUHAMMAD KHAIRI EL FUAD', 'XII DKV_SAS_2526', 'DKV', 'SISWA1831', 'CBT12345', 'siswa', 1),
(1832, 'K01030098239032', 'MUHAMMAD ROSYAD PURNOMO', 'XII DKV_SAS_2526', 'DKV', 'SISWA1832', 'CBT12345', 'siswa', 1),
(1833, 'K01030098239039', 'MUHAMMAD ZIDANE ALI CANTONA', 'XII DKV_SAS_2526', 'DKV', 'SISWA1833', 'CBT12345', 'siswa', 1),
(1834, 'K01030098239040', 'Naila Enjelita', 'XII DKV_SAS_2526', 'DKV', 'SISWA1834', 'CBT12345', 'siswa', 1),
(1835, 'K01030098239041', 'NATHANAEL MOSES SETIADY', 'XII DKV_SAS_2526', 'DKV', 'SISWA1835', 'CBT12345', 'siswa', 1),
(1836, 'K01030098239042', 'NURAINI', 'XII DKV_SAS_2526', 'DKV', 'SISWA1836', 'CBT12345', 'siswa', 1),
(1837, 'K01030098239043', 'Rido Saputro', 'XII DKV_SAS_2526', 'DKV', 'SISWA1837', 'CBT12345', 'siswa', 1),
(1838, 'K01030098239038', 'SISKA HANDAYANI', 'XII DKV_SAS_2526', 'DKV', 'SISWA1838', 'CBT12345', 'siswa', 1),
(1839, 'K01030098239045', 'SUCI CANTIKA RAMADANI', 'XII DKV_SAS_2526', 'DKV', 'SISWA1839', 'CBT12345', 'siswa', 1),
(1840, 'K01030098239046', 'SULLY', 'XII DKV_SAS_2526', 'DKV', 'SISWA1840', 'CBT12345', 'siswa', 1),
(1841, 'K01030098239047', 'TRI AWALUDIN', 'XII DKV_SAS_2526', 'DKV', 'SISWA1841', 'CBT12345', 'siswa', 1),
(1842, 'K01030098239049', 'VIOLA SASIKIRANA', 'XII DKV_SAS_2526', 'DKV', 'SISWA1842', 'CBT12345', 'siswa', 1),
(1843, 'K01030098239050', 'ZAHRA APRILIA FAADHILAH', 'XII DKV_SAS_2526', 'DKV', 'SISWA1843', 'CBT12345', 'siswa', 1),
(1844, 'K01030098239051', 'ZAKIRAH THALITA ZAHRAH', 'XII DKV_SAS_2526', 'DKV', 'SISWA1844', 'CBT12345', 'siswa', 1),
(1845, 'K01030098238868', 'ADELLIA RISMA KIRANA', 'XII MPLB 1_SAS_2526', 'MPLB', 'SISWA1845', 'CBT12345', 'siswa', 1),
(1846, 'K01030098238872', 'ALYA PUTRI NAZWA', 'XII MPLB 1_SAS_2526', 'MPLB', 'SISWA1846', 'CBT12345', 'siswa', 1),
(1847, 'K01030098238878', 'ASTIA DESVITA', 'XII MPLB 1_SAS_2526', 'MPLB', 'SISWA1847', 'CBT12345', 'siswa', 1),
(1848, 'K01030098238879', 'ASTRID OKTAVIA LESTARI', 'XII MPLB 1_SAS_2526', 'MPLB', 'SISWA1848', 'CBT12345', 'siswa', 1),
(1849, 'K01030098238884', 'CINDY AYU AGUSTIENA', 'XII MPLB 1_SAS_2526', 'MPLB', 'SISWA1849', 'CBT12345', 'siswa', 1),
(1850, 'K01030098238885', 'CINTA AURIA PUTRI MULYANA', 'XII MPLB 1_SAS_2526', 'MPLB', 'SISWA1850', 'CBT12345', 'siswa', 1),
(1851, 'K01030098238886', 'DEFHINA FEBRIYAHYA', 'XII MPLB 1_SAS_2526', 'MPLB', 'SISWA1851', 'CBT12345', 'siswa', 1),
(1852, 'K01030098238887', 'DELA SUSANTI', 'XII MPLB 1_SAS_2526', 'MPLB', 'SISWA1852', 'CBT12345', 'siswa', 1),
(1853, 'K01030098238888', 'DINA ANGRAENI', 'XII MPLB 1_SAS_2526', 'MPLB', 'SISWA1853', 'CBT12345', 'siswa', 1),
(1854, 'K01030098238890', 'DIVA SALSABILA', 'XII MPLB 1_SAS_2526', 'MPLB', 'SISWA1854', 'CBT12345', 'siswa', 1),
(1855, 'K01030098238894', 'ENGGI AULIA AMANDA PUTRI', 'XII MPLB 1_SAS_2526', 'MPLB', 'SISWA1855', 'CBT12345', 'siswa', 1),
(1856, 'K01030098238896', 'ERIN LARAS SATI', 'XII MPLB 1_SAS_2526', 'MPLB', 'SISWA1856', 'CBT12345', 'siswa', 1),
(1857, 'K01030098238897', 'EVA PURNAMASARI', 'XII MPLB 1_SAS_2526', 'MPLB', 'SISWA1857', 'CBT12345', 'siswa', 1),
(1858, 'K01030098238898', 'FAIRUZ MAULIDA FAIZ', 'XII MPLB 1_SAS_2526', 'MPLB', 'SISWA1858', 'CBT12345', 'siswa', 1),
(1859, 'K01030098238899', 'FATDILAH ANGGI ROFITA', 'XII MPLB 1_SAS_2526', 'MPLB', 'SISWA1859', 'CBT12345', 'siswa', 1),
(1860, 'K01030098238900', 'FEBBY AMRIYANI PUTRI', 'XII MPLB 1_SAS_2526', 'MPLB', 'SISWA1860', 'CBT12345', 'siswa', 1),
(1861, 'K01030098238901', 'FIYANTIKA ERVI', 'XII MPLB 1_SAS_2526', 'MPLB', 'SISWA1861', 'CBT12345', 'siswa', 1),
(1862, 'K01030098238903', 'GISELLA LUTFYA PRAMESTY', 'XII MPLB 1_SAS_2526', 'MPLB', 'SISWA1862', 'CBT12345', 'siswa', 1),
(1863, 'K01030098238904', 'ICA AMELIA', 'XII MPLB 1_SAS_2526', 'MPLB', 'SISWA1863', 'CBT12345', 'siswa', 1),
(1864, 'K01030098238910', 'INTAN CAHAYANI', 'XII MPLB 1_SAS_2526', 'MPLB', 'SISWA1864', 'CBT12345', 'siswa', 1),
(1865, 'K01030098238911', 'KADEK DWI SEPTIANA', 'XII MPLB 1_SAS_2526', 'MPLB', 'SISWA1865', 'CBT12345', 'siswa', 1),
(1866, 'K01030098238912', 'KAYLA AURELLIA LARISSA', 'XII MPLB 1_SAS_2526', 'MPLB', 'SISWA1866', 'CBT12345', 'siswa', 1),
(1867, 'K01030098238913', 'Keisa Safira', 'XII MPLB 1_SAS_2526', 'MPLB', 'SISWA1867', 'CBT12345', 'siswa', 1),
(1868, 'K01030098238916', 'LAILA SYIFA', 'XII MPLB 1_SAS_2526', 'MPLB', 'SISWA1868', 'CBT12345', 'siswa', 1),
(1869, 'K01030098238920', 'MARSHELLA ANDREANI SABU BADIN', 'XII MPLB 1_SAS_2526', 'MPLB', 'SISWA1869', 'CBT12345', 'siswa', 1),
(1870, 'K01030098238924', 'MEYSA ARISMA NATALIA', 'XII MPLB 1_SAS_2526', 'MPLB', 'SISWA1870', 'CBT12345', 'siswa', 1),
(1871, 'K01030098238925', 'MONICA RATNA ADELIA', 'XII MPLB 1_SAS_2526', 'MPLB', 'SISWA1871', 'CBT12345', 'siswa', 1),
(1872, 'K01030098238926', 'Moza Lestari Ramadhani', 'XII MPLB 1_SAS_2526', 'MPLB', 'SISWA1872', 'CBT12345', 'siswa', 1),
(1873, 'K01030098238930', 'NADIA HIDAYAT', 'XII MPLB 1_SAS_2526', 'MPLB', 'SISWA1873', 'CBT12345', 'siswa', 1),
(1874, 'K01030098238932', 'NAZWA AFIFAH', 'XII MPLB 1_SAS_2526', 'MPLB', 'SISWA1874', 'CBT12345', 'siswa', 1),
(1875, 'K01030098238936', 'PUPUT AMEL LESTARI', 'XII MPLB 1_SAS_2526', 'MPLB', 'SISWA1875', 'CBT12345', 'siswa', 1),
(1876, 'K01030098238939', 'PUTRI NAZWA LAMAHODA', 'XII MPLB 1_SAS_2526', 'MPLB', 'SISWA1876', 'CBT12345', 'siswa', 1),
(1877, 'K01030098238940', 'PUTRI SALSABILLA', 'XII MPLB 1_SAS_2526', 'MPLB', 'SISWA1877', 'CBT12345', 'siswa', 1),
(1878, 'K01030098238942', 'RAISYAH HANDAYANI', 'XII MPLB 1_SAS_2526', 'MPLB', 'SISWA1878', 'CBT12345', 'siswa', 1),
(1879, 'K01030098238943', 'RANI ZUNIARDANA', 'XII MPLB 1_SAS_2526', 'MPLB', 'SISWA1879', 'CBT12345', 'siswa', 1),
(1880, 'K01030098238944', 'RASYA SINTA DEWI', 'XII MPLB 1_SAS_2526', 'MPLB', 'SISWA1880', 'CBT12345', 'siswa', 1),
(1881, 'K01030098238946', 'Regina Nurhayati', 'XII MPLB 1_SAS_2526', 'MPLB', 'SISWA1881', 'CBT12345', 'siswa', 1),
(1882, 'K01030098238949', 'ROSDIANA', 'XII MPLB 1_SAS_2526', 'MPLB', 'SISWA1882', 'CBT12345', 'siswa', 1),
(1883, 'K01030098238951', 'SITI ASSILLA FATIMAH', 'XII MPLB 1_SAS_2526', 'MPLB', 'SISWA1883', 'CBT12345', 'siswa', 1),
(1884, 'K01030098238953', 'SRI MULYANINGRUM', 'XII MPLB 1_SAS_2526', 'MPLB', 'SISWA1884', 'CBT12345', 'siswa', 1),
(1885, 'K01030098238954', 'Suci Setyawati', 'XII MPLB 1_SAS_2526', 'MPLB', 'SISWA1885', 'CBT12345', 'siswa', 1),
(1886, 'K01030098238956', 'TARA JESYIKA', 'XII MPLB 1_SAS_2526', 'MPLB', 'SISWA1886', 'CBT12345', 'siswa', 1),
(1887, 'K01030098238959', 'WIWIN MUSTIKA SARI', 'XII MPLB 1_SAS_2526', 'MPLB', 'SISWA1887', 'CBT12345', 'siswa', 1),
(1888, 'K01030098238869', 'ADESIA PUTRI', 'XII MPLB 2_SAS_2526', 'MPLB', 'SISWA1888', 'CBT12345', 'siswa', 1),
(1889, 'K01030098238870', 'ADHITA NAZHIRA', 'XII MPLB 2_SAS_2526', 'MPLB', 'SISWA1889', 'CBT12345', 'siswa', 1),
(1890, 'K01030098238873', 'AMELLIA FEBRIYANI', 'XII MPLB 2_SAS_2526', 'MPLB', 'SISWA1890', 'CBT12345', 'siswa', 1),
(1891, 'K01030098238874', 'ANDINI HERYANTI', 'XII MPLB 2_SAS_2526', 'MPLB', 'SISWA1891', 'CBT12345', 'siswa', 1),
(1892, 'K01030098238875', 'ANDINI SABELLA', 'XII MPLB 2_SAS_2526', 'MPLB', 'SISWA1892', 'CBT12345', 'siswa', 1),
(1893, 'K01030098238876', 'ANNISA RAMADANI', 'XII MPLB 2_SAS_2526', 'MPLB', 'SISWA1893', 'CBT12345', 'siswa', 1);
INSERT INTO `a_siswa` (`id`, `no_peserta`, `nama_siswa`, `kelas`, `jurusan`, `username`, `password`, `level`, `status`) VALUES
(1894, 'K01030098238881', 'BELLA FEBRIYANA', 'XII MPLB 2_SAS_2526', 'MPLB', 'SISWA1894', 'CBT12345', 'siswa', 1),
(1895, 'K01030098238882', 'CANTIKA DUWI PRATIWI', 'XII MPLB 2_SAS_2526', 'MPLB', 'SISWA1895', 'CBT12345', 'siswa', 1),
(1896, 'K01030098238883', 'Ciciliya Melani Putri Winati', 'XII MPLB 2_SAS_2526', 'MPLB', 'SISWA1896', 'CBT12345', 'siswa', 1),
(1897, 'K01030098238889', 'DIVA DESTIANA', 'XII MPLB 2_SAS_2526', 'MPLB', 'SISWA1897', 'CBT12345', 'siswa', 1),
(1898, 'K01030098238891', 'EKA NURMA RAMADHANI', 'XII MPLB 2_SAS_2526', 'MPLB', 'SISWA1898', 'CBT12345', 'siswa', 1),
(1899, 'K01030098238892', 'EKI TARSINI', 'XII MPLB 2_SAS_2526', 'MPLB', 'SISWA1899', 'CBT12345', 'siswa', 1),
(1900, 'K01030098238893', 'ELSYA AULIYA', 'XII MPLB 2_SAS_2526', 'MPLB', 'SISWA1900', 'CBT12345', 'siswa', 1),
(1901, 'K01030098238895', 'ERIKA LULU GHATH FAAN', 'XII MPLB 2_SAS_2526', 'MPLB', 'SISWA1901', 'CBT12345', 'siswa', 1),
(1902, 'K01030098238902', 'FUTRIA KHALISA', 'XII MPLB 2_SAS_2526', 'MPLB', 'SISWA1902', 'CBT12345', 'siswa', 1),
(1903, 'K01030098238906', 'INDAH NURZULIA', 'XII MPLB 2_SAS_2526', 'MPLB', 'SISWA1903', 'CBT12345', 'siswa', 1),
(1904, 'K01030098238907', 'INDAH RAHMAWATI', 'XII MPLB 2_SAS_2526', 'MPLB', 'SISWA1904', 'CBT12345', 'siswa', 1),
(1905, 'K01030098238908', 'INDAH TRI HAPSARI', 'XII MPLB 2_SAS_2526', 'MPLB', 'SISWA1905', 'CBT12345', 'siswa', 1),
(1906, 'K01030098238909', 'INNEZ PUTRIA ABIDIN', 'XII MPLB 2_SAS_2526', 'MPLB', 'SISWA1906', 'CBT12345', 'siswa', 1),
(1907, 'K01030098238914', 'KEISYA RAMADHANI', 'XII MPLB 2_SAS_2526', 'MPLB', 'SISWA1907', 'CBT12345', 'siswa', 1),
(1908, 'K01030098238915', 'KEYLA FEBRIA', 'XII MPLB 2_SAS_2526', 'MPLB', 'SISWA1908', 'CBT12345', 'siswa', 1),
(1909, 'K01030098238917', 'LUTFIYAH MAHIROH', 'XII MPLB 2_SAS_2526', 'MPLB', 'SISWA1909', 'CBT12345', 'siswa', 1),
(1910, 'K01030098238918', 'LUTHFIYYATUN INKA PERMATASARI', 'XII MPLB 2_SAS_2526', 'MPLB', 'SISWA1910', 'CBT12345', 'siswa', 1),
(1911, 'K01030098238919', 'MARINAH', 'XII MPLB 2_SAS_2526', 'MPLB', 'SISWA1911', 'CBT12345', 'siswa', 1),
(1912, 'K01030098238921', 'MARTHASYA CANTIKA DEWI', 'XII MPLB 2_SAS_2526', 'MPLB', 'SISWA1912', 'CBT12345', 'siswa', 1),
(1913, 'K01030098238927', 'MUTHIA ZAHRAH', 'XII MPLB 2_SAS_2526', 'MPLB', 'SISWA1913', 'CBT12345', 'siswa', 1),
(1914, 'K01030098238928', 'NABILA PUTRI RAMADHANI', 'XII MPLB 2_SAS_2526', 'MPLB', 'SISWA1914', 'CBT12345', 'siswa', 1),
(1915, 'K01030098238929', 'NADEA ELMA PAKASI', 'XII MPLB 2_SAS_2526', 'MPLB', 'SISWA1915', 'CBT12345', 'siswa', 1),
(1916, 'K01030098238931', 'NATASYA PUTRI CAHYANA', 'XII MPLB 2_SAS_2526', 'MPLB', 'SISWA1916', 'CBT12345', 'siswa', 1),
(1917, 'K01030098238933', 'NELLA AGUSTINA', 'XII MPLB 2_SAS_2526', 'MPLB', 'SISWA1917', 'CBT12345', 'siswa', 1),
(1918, 'K01030098238934', 'NOVA LILI HANDRAYANI', 'XII MPLB 2_SAS_2526', 'MPLB', 'SISWA1918', 'CBT12345', 'siswa', 1),
(1919, 'K01030098238935', 'NOVA LINA ANJANI', 'XII MPLB 2_SAS_2526', 'MPLB', 'SISWA1919', 'CBT12345', 'siswa', 1),
(1920, 'K01030098238937', 'PUTRI APRILIA ZAHRA', 'XII MPLB 2_SAS_2526', 'MPLB', 'SISWA1920', 'CBT12345', 'siswa', 1),
(1921, 'K01030098238941', 'RACHMA ANNISA', 'XII MPLB 2_SAS_2526', 'MPLB', 'SISWA1921', 'CBT12345', 'siswa', 1),
(1922, 'K01030098238945', 'RASYAH RACHMA SETIAWAN', 'XII MPLB 2_SAS_2526', 'MPLB', 'SISWA1922', 'CBT12345', 'siswa', 1),
(1923, 'K01030098238947', 'REINATA PRIHATINI', 'XII MPLB 2_SAS_2526', 'MPLB', 'SISWA1923', 'CBT12345', 'siswa', 1),
(1924, 'K01030098238950', 'SILVI MELANI PUTRI', 'XII MPLB 2_SAS_2526', 'MPLB', 'SISWA1924', 'CBT12345', 'siswa', 1),
(1925, 'K01030098238952', 'SITI FATIMAH JULIANA', 'XII MPLB 2_SAS_2526', 'MPLB', 'SISWA1925', 'CBT12345', 'siswa', 1),
(1926, 'K01030098238955', 'SULIS KASIH RAMADHANI', 'XII MPLB 2_SAS_2526', 'MPLB', 'SISWA1926', 'CBT12345', 'siswa', 1),
(1927, 'K01030098238957', 'TARISA NURASIAH', 'XII MPLB 2_SAS_2526', 'MPLB', 'SISWA1927', 'CBT12345', 'siswa', 1),
(1928, 'K01030098238958', 'THYNTA ASMARANI PUTRI', 'XII MPLB 2_SAS_2526', 'MPLB', 'SISWA1928', 'CBT12345', 'siswa', 1),
(1929, 'K01030098238960', 'AJENG KARTIKA CHANDRALIS PUTRI', 'XII PM_SAS_2526', 'PM', 'SISWA1929', 'CBT12345', 'siswa', 1),
(1930, 'K01030098238961', 'AL RASYA TRI SAHLAN', 'XII PM_SAS_2526', 'PM', 'SISWA1930', 'CBT12345', 'siswa', 1),
(1931, 'K01030098238962', 'ANDIKA', 'XII PM_SAS_2526', 'PM', 'SISWA1931', 'CBT12345', 'siswa', 1),
(1932, 'K01030098238963', 'ANDRYANTO FEBRIANSYAH', 'XII PM_SAS_2526', 'PM', 'SISWA1932', 'CBT12345', 'siswa', 1),
(1933, 'K01030098239817', 'APRILIA RAHMAWATI', 'XII PM_SAS_2526', 'PM', 'SISWA1933', 'CBT12345', 'siswa', 1),
(1934, 'K01030098238964', 'ARIF FIRMANSYAH', 'XII PM_SAS_2526', 'PM', 'SISWA1934', 'CBT12345', 'siswa', 1),
(1935, 'K01030098238965', 'AVRILIA ZAHRA', 'XII PM_SAS_2526', 'PM', 'SISWA1935', 'CBT12345', 'siswa', 1),
(1936, 'K01030098238966', 'DEWITA MAHARANI', 'XII PM_SAS_2526', 'PM', 'SISWA1936', 'CBT12345', 'siswa', 1),
(1937, 'K01030098238967', 'DINA LUDFIANA', 'XII PM_SAS_2526', 'PM', 'SISWA1937', 'CBT12345', 'siswa', 1),
(1938, 'K01030098238968', 'DONI SAPUTRA', 'XII PM_SAS_2526', 'PM', 'SISWA1938', 'CBT12345', 'siswa', 1),
(1939, 'K01030098238969', 'EGA ANANDA RENOTA', 'XII PM_SAS_2526', 'PM', 'SISWA1939', 'CBT12345', 'siswa', 1),
(1940, 'K01030098238971', 'FAREL PANCA SENA', 'XII PM_SAS_2526', 'PM', 'SISWA1940', 'CBT12345', 'siswa', 1),
(1941, 'K01030098238972', 'FRIDA RISTA MARTASA', 'XII PM_SAS_2526', 'PM', 'SISWA1941', 'CBT12345', 'siswa', 1),
(1942, 'K01030098238973', 'GUNTUR RYANDI', 'XII PM_SAS_2526', 'PM', 'SISWA1942', 'CBT12345', 'siswa', 1),
(1943, 'K01030098238974', 'Herdi Alfiyansah', 'XII PM_SAS_2526', 'PM', 'SISWA1943', 'CBT12345', 'siswa', 1),
(1944, 'K01030098238975', 'KEVIN ROMAN SAPUTRA', 'XII PM_SAS_2526', 'PM', 'SISWA1944', 'CBT12345', 'siswa', 1),
(1945, 'K01030098238976', 'KEYLA KEYSA UTAMI', 'XII PM_SAS_2526', 'PM', 'SISWA1945', 'CBT12345', 'siswa', 1),
(1946, 'K01030098238977', 'KHARIZKA YULI AMELIA', 'XII PM_SAS_2526', 'PM', 'SISWA1946', 'CBT12345', 'siswa', 1),
(1947, 'K01030098238978', 'LIDIA SULISTIAWATI', 'XII PM_SAS_2526', 'PM', 'SISWA1947', 'CBT12345', 'siswa', 1),
(1948, 'K01030098238979', 'MUHAMAD ILHAM NURSYAHBANI', 'XII PM_SAS_2526', 'PM', 'SISWA1948', 'CBT12345', 'siswa', 1),
(1949, 'K01030098238980', 'MUHAMAD RIDWAN', 'XII PM_SAS_2526', 'PM', 'SISWA1949', 'CBT12345', 'siswa', 1),
(1950, 'K01030098238981', 'MUHAMMAD FAUZAN PRATAMA', 'XII PM_SAS_2526', 'PM', 'SISWA1950', 'CBT12345', 'siswa', 1),
(1951, 'K01030098239818', 'NABIL NASHIFUDDIN', 'XII PM_SAS_2526', 'PM', 'SISWA1951', 'CBT12345', 'siswa', 1),
(1952, 'K01030098238982', 'NATASYA NATALIA', 'XII PM_SAS_2526', 'PM', 'SISWA1952', 'CBT12345', 'siswa', 1),
(1953, 'K01030098238983', 'NIA DAMAYANTI', 'XII PM_SAS_2526', 'PM', 'SISWA1953', 'CBT12345', 'siswa', 1),
(1954, 'K01030098238984', 'NUR AINI', 'XII PM_SAS_2526', 'PM', 'SISWA1954', 'CBT12345', 'siswa', 1),
(1955, 'K01030098238985', 'NUR ALAMSYAH', 'XII PM_SAS_2526', 'PM', 'SISWA1955', 'CBT12345', 'siswa', 1),
(1956, 'K01030098238987', 'PANDU ARYA PRATAMA', 'XII PM_SAS_2526', 'PM', 'SISWA1956', 'CBT12345', 'siswa', 1),
(1957, 'K01030098238988', 'PUTRA EKA PRASETYO', 'XII PM_SAS_2526', 'PM', 'SISWA1957', 'CBT12345', 'siswa', 1),
(1958, 'K01030098238989', 'PUTRI NUR ANJANI', 'XII PM_SAS_2526', 'PM', 'SISWA1958', 'CBT12345', 'siswa', 1),
(1959, 'K01030098238991', 'REHAN INDRA PRATAMA', 'XII PM_SAS_2526', 'PM', 'SISWA1959', 'CBT12345', 'siswa', 1),
(1960, 'K01030098238992', 'REVANI DWI RAHAYU', 'XII PM_SAS_2526', 'PM', 'SISWA1960', 'CBT12345', 'siswa', 1),
(1961, 'K01030098238993', 'REYHAN ERLANGGA', 'XII PM_SAS_2526', 'PM', 'SISWA1961', 'CBT12345', 'siswa', 1),
(1962, 'K01030098238994', 'REZA SATRIA KUSUMA', 'XII PM_SAS_2526', 'PM', 'SISWA1962', 'CBT12345', 'siswa', 1),
(1963, 'K01030098238995', 'RIZKY PUTRA KURNIA', 'XII PM_SAS_2526', 'PM', 'SISWA1963', 'CBT12345', 'siswa', 1),
(1964, 'K01030098238996', 'ROSA APRILIANI', 'XII PM_SAS_2526', 'PM', 'SISWA1964', 'CBT12345', 'siswa', 1),
(1965, 'K01030098238998', 'SEPTI RAHMADINI', 'XII PM_SAS_2526', 'PM', 'SISWA1965', 'CBT12345', 'siswa', 1),
(1966, 'K01030098238986', 'SERLI AULIA', 'XII PM_SAS_2526', 'PM', 'SISWA1966', 'CBT12345', 'siswa', 1),
(1967, 'K01030098239000', 'SHERLY CHAIRRUNNISA SETIAWAN', 'XII PM_SAS_2526', 'PM', 'SISWA1967', 'CBT12345', 'siswa', 1),
(1968, 'K01030098239002', 'TRI RAMADANI', 'XII PM_SAS_2526', 'PM', 'SISWA1968', 'CBT12345', 'siswa', 1),
(1969, 'K01030098239003', 'WAHYU SAPUTRA', 'XII PM_SAS_2526', 'PM', 'SISWA1969', 'CBT12345', 'siswa', 1),
(1970, 'K01030098239004', 'WINDA FAIDAH', 'XII PM_SAS_2526', 'PM', 'SISWA1970', 'CBT12345', 'siswa', 1),
(1971, 'K01030098239005', 'WULAN RIYONO', 'XII PM_SAS_2526', 'PM', 'SISWA1971', 'CBT12345', 'siswa', 1),
(1972, 'K01030098238639', 'ABDUL MUHAMAD HAIR', 'XII TJKT 1_SAS_2526', 'TJKT', 'SISWA1972', 'CBT12345', 'siswa', 1),
(1973, 'K01030098238640', 'ACHMAD RIDWAN', 'XII TJKT 1_SAS_2526', 'TJKT', 'SISWA1973', 'CBT12345', 'siswa', 1),
(1974, 'K01030098249814', 'AHMAD ILHAMEDI', 'XII TJKT 1_SAS_2526', 'TJKT', 'SISWA1974', 'CBT12345', 'siswa', 1),
(1975, 'K01030098238655', 'ALTAN NARENDRA FIRMANSYAH', 'XII TJKT 1_SAS_2526', 'TJKT', 'SISWA1975', 'CBT12345', 'siswa', 1),
(1976, 'K01030098238656', 'ANDHIKA HERDIANA', 'XII TJKT 1_SAS_2526', 'TJKT', 'SISWA1976', 'CBT12345', 'siswa', 1),
(1977, 'K01030098238658', 'ANDINI AULIA PUTRI', 'XII TJKT 1_SAS_2526', 'TJKT', 'SISWA1977', 'CBT12345', 'siswa', 1),
(1978, 'K01030098238659', 'Andrean Razya Annavi', 'XII TJKT 1_SAS_2526', 'TJKT', 'SISWA1978', 'CBT12345', 'siswa', 1),
(1979, 'K01030098238645', 'ANDRIAN WIJAYA', 'XII TJKT 1_SAS_2526', 'TJKT', 'SISWA1979', 'CBT12345', 'siswa', 1),
(1980, 'K01030098238668', 'CINTA JULYA LARASATI', 'XII TJKT 1_SAS_2526', 'TJKT', 'SISWA1980', 'CBT12345', 'siswa', 1),
(1981, 'K01030098238670', 'DAYAN PATTIH KHALAM', 'XII TJKT 1_SAS_2526', 'TJKT', 'SISWA1981', 'CBT12345', 'siswa', 1),
(1982, 'K01030098238671', 'DECO ADI PRIYANDA', 'XII TJKT 1_SAS_2526', 'TJKT', 'SISWA1982', 'CBT12345', 'siswa', 1),
(1983, 'K01030098238673', 'DICKI SAI HIKARU', 'XII TJKT 1_SAS_2526', 'TJKT', 'SISWA1983', 'CBT12345', 'siswa', 1),
(1984, 'K01030098238681', 'FAJAR ARIASIH', 'XII TJKT 1_SAS_2526', 'TJKT', 'SISWA1984', 'CBT12345', 'siswa', 1),
(1985, 'K01030098238682', 'FAJAR FATUR ROKHIM', 'XII TJKT 1_SAS_2526', 'TJKT', 'SISWA1985', 'CBT12345', 'siswa', 1),
(1986, 'K01030098238685', 'FAKHRI SYAPUTRO', 'XII TJKT 1_SAS_2526', 'TJKT', 'SISWA1986', 'CBT12345', 'siswa', 1),
(1987, 'K01030098238686', 'FARDAN IHZA RAMADHAN', 'XII TJKT 1_SAS_2526', 'TJKT', 'SISWA1987', 'CBT12345', 'siswa', 1),
(1988, 'K01030098238691', 'FEBRIAN RACHMANSYAH', 'XII TJKT 1_SAS_2526', 'TJKT', 'SISWA1988', 'CBT12345', 'siswa', 1),
(1989, 'K01030098238692', 'FERNANDO KUNARDI', 'XII TJKT 1_SAS_2526', 'TJKT', 'SISWA1989', 'CBT12345', 'siswa', 1),
(1990, 'K01030098238694', 'GADING ALFARIZY', 'XII TJKT 1_SAS_2526', 'TJKT', 'SISWA1990', 'CBT12345', 'siswa', 1),
(1991, 'K01030098238697', 'HAIKEL PRATAMA', 'XII TJKT 1_SAS_2526', 'TJKT', 'SISWA1991', 'CBT12345', 'siswa', 1),
(1992, 'K01030098238700', 'IKCSAN RAMADHAN', 'XII TJKT 1_SAS_2526', 'TJKT', 'SISWA1992', 'CBT12345', 'siswa', 1),
(1993, 'K01030098238707', 'MALIK AHMAD GUSTAVO', 'XII TJKT 1_SAS_2526', 'TJKT', 'SISWA1993', 'CBT12345', 'siswa', 1),
(1994, 'K01030098238708', 'Mario Jens Triyulens Manu', 'XII TJKT 1_SAS_2526', 'TJKT', 'SISWA1994', 'CBT12345', 'siswa', 1),
(1995, 'K01030098238715', 'MUHAMAD FAZRUL MAULIDI', 'XII TJKT 1_SAS_2526', 'TJKT', 'SISWA1995', 'CBT12345', 'siswa', 1),
(1996, 'K01030098238717', 'MUHAMAD NUR HIDAUYATTULOH', 'XII TJKT 1_SAS_2526', 'TJKT', 'SISWA1996', 'CBT12345', 'siswa', 1),
(1997, 'K01030098238720', 'MUHAMMAD ABDUL RASYID', 'XII TJKT 1_SAS_2526', 'TJKT', 'SISWA1997', 'CBT12345', 'siswa', 1),
(1998, 'K01030098238723', 'MUHAMMAD AIRIL SYAVA', 'XII TJKT 1_SAS_2526', 'TJKT', 'SISWA1998', 'CBT12345', 'siswa', 1),
(1999, 'K01030098238725', 'Muhammad Fairuz Adnan', 'XII TJKT 1_SAS_2526', 'TJKT', 'SISWA1999', 'CBT12345', 'siswa', 1),
(2000, 'K01030098238730', 'MUHAMMAD KHAFI RAMADANI', 'XII TJKT 1_SAS_2526', 'TJKT', 'SISWA2000', 'CBT12345', 'siswa', 1),
(2001, 'K01030098239430', 'NADIN CANDRA WINATA', 'XII TJKT 1_SAS_2526', 'TJKT', 'SISWA2001', 'CBT12345', 'siswa', 1),
(2002, 'K01030098238736', 'RAFA RADITYA', 'XII TJKT 1_SAS_2526', 'TJKT', 'SISWA2002', 'CBT12345', 'siswa', 1),
(2003, 'K01030098238737', 'RAFLI ARDY', 'XII TJKT 1_SAS_2526', 'TJKT', 'SISWA2003', 'CBT12345', 'siswa', 1),
(2004, 'K01030098238740', 'RAMDHANI', 'XII TJKT 1_SAS_2526', 'TJKT', 'SISWA2004', 'CBT12345', 'siswa', 1),
(2005, 'K01030098239053', 'RASYA RADITYA PRASETYO', 'XII TJKT 1_SAS_2526', 'TJKT', 'SISWA2005', 'CBT12345', 'siswa', 1),
(2006, 'K01030098238745', 'REYKHAN APRIYANTO', 'XII TJKT 1_SAS_2526', 'TJKT', 'SISWA2006', 'CBT12345', 'siswa', 1),
(2007, 'K01030098238747', 'RIAN CATUR PRASETIO', 'XII TJKT 1_SAS_2526', 'TJKT', 'SISWA2007', 'CBT12345', 'siswa', 1),
(2008, 'K01030098238749', 'RICKO NOVA ARIANTO', 'XII TJKT 1_SAS_2526', 'TJKT', 'SISWA2008', 'CBT12345', 'siswa', 1),
(2009, 'K01030098238750', 'RIDHO BINTANG SAPUTRA', 'XII TJKT 1_SAS_2526', 'TJKT', 'SISWA2009', 'CBT12345', 'siswa', 1),
(2010, 'K01030098238754', 'RISZKI YUDA PRAKOSO', 'XII TJKT 1_SAS_2526', 'TJKT', 'SISWA2010', 'CBT12345', 'siswa', 1),
(2011, 'K01030098238758', 'RIZKY HERDIAN', 'XII TJKT 1_SAS_2526', 'TJKT', 'SISWA2011', 'CBT12345', 'siswa', 1),
(2012, 'K01030098238761', 'RYAN WIBOWO', 'XII TJKT 1_SAS_2526', 'TJKT', 'SISWA2012', 'CBT12345', 'siswa', 1),
(2013, 'K01030098238765', 'SURYA TJANDRA WIJAYA', 'XII TJKT 1_SAS_2526', 'TJKT', 'SISWA2013', 'CBT12345', 'siswa', 1),
(2014, 'K01030098238768', 'UMAR ABDULLAH', 'XII TJKT 1_SAS_2526', 'TJKT', 'SISWA2014', 'CBT12345', 'siswa', 1),
(2015, 'K01030098238774', 'YULITA DIYATAMA', 'XII TJKT 1_SAS_2526', 'TJKT', 'SISWA2015', 'CBT12345', 'siswa', 1),
(2016, 'K01030098238775', 'ZAKARIA NUR AKBAR', 'XII TJKT 1_SAS_2526', 'TJKT', 'SISWA2016', 'CBT12345', 'siswa', 1),
(2017, 'K01030098238643', 'ADITYA PRATAMA', 'XII TJKT 2_SAS_2526', 'TJKT', 'SISWA2017', 'CBT12345', 'siswa', 1),
(2018, 'K01030098238646', 'AFIF AMMAR', 'XII TJKT 2_SAS_2526', 'TJKT', 'SISWA2018', 'CBT12345', 'siswa', 1),
(2019, 'K01030098238648', 'AHMAD AFRIYANSYAH', 'XII TJKT 2_SAS_2526', 'TJKT', 'SISWA2019', 'CBT12345', 'siswa', 1),
(2020, 'K01030098238652', 'AHMAD RIZKI KURNIAWAN', 'XII TJKT 2_SAS_2526', 'TJKT', 'SISWA2020', 'CBT12345', 'siswa', 1),
(2021, 'K01030098238657', 'ANDHIKA SAPUTRA', 'XII TJKT 2_SAS_2526', 'TJKT', 'SISWA2021', 'CBT12345', 'siswa', 1),
(2022, 'K01030098238661', 'ARDIANSYAH', 'XII TJKT 2_SAS_2526', 'TJKT', 'SISWA2022', 'CBT12345', 'siswa', 1),
(2023, 'K01030098238663', 'ARI FEBIANSYAH', 'XII TJKT 2_SAS_2526', 'TJKT', 'SISWA2023', 'CBT12345', 'siswa', 1),
(2024, 'K01030098238664', 'Ariansyah Januwar', 'XII TJKT 2_SAS_2526', 'TJKT', 'SISWA2024', 'CBT12345', 'siswa', 1),
(2025, 'K01030098238665', 'BAGAS ARIANTO', 'XII TJKT 2_SAS_2526', 'TJKT', 'SISWA2025', 'CBT12345', 'siswa', 1),
(2026, 'K01030098238666', 'BHAKTI ARI SETYAWAN', 'XII TJKT 2_SAS_2526', 'TJKT', 'SISWA2026', 'CBT12345', 'siswa', 1),
(2027, 'K01030098238667', 'Caesar Kubilai Khan', 'XII TJKT 2_SAS_2526', 'TJKT', 'SISWA2027', 'CBT12345', 'siswa', 1),
(2028, 'K01030098238669', 'DANI RAMADHAN', 'XII TJKT 2_SAS_2526', 'TJKT', 'SISWA2028', 'CBT12345', 'siswa', 1),
(2029, 'K01030098238672', 'DEMAZ YOKA', 'XII TJKT 2_SAS_2526', 'TJKT', 'SISWA2029', 'CBT12345', 'siswa', 1),
(2030, 'K01030098238674', 'Dicky Aditya Akbar', 'XII TJKT 2_SAS_2526', 'TJKT', 'SISWA2030', 'CBT12345', 'siswa', 1),
(2031, 'K01030098238676', 'DIMAS SETYAWAN', 'XII TJKT 2_SAS_2526', 'TJKT', 'SISWA2031', 'CBT12345', 'siswa', 1),
(2032, 'K01030098238677', 'DIRGA PUTRA FIRMANSYAH', 'XII TJKT 2_SAS_2526', 'TJKT', 'SISWA2032', 'CBT12345', 'siswa', 1),
(2033, 'K01030098238679', 'ERWIN MAULANA', 'XII TJKT 2_SAS_2526', 'TJKT', 'SISWA2033', 'CBT12345', 'siswa', 1),
(2034, 'K01030098238687', 'FARIH KESIT', 'XII TJKT 2_SAS_2526', 'TJKT', 'SISWA2034', 'CBT12345', 'siswa', 1),
(2035, 'K01030098238688', 'FATHIR ARISWIDYANATA', 'XII TJKT 2_SAS_2526', 'TJKT', 'SISWA2035', 'CBT12345', 'siswa', 1),
(2036, 'K01030098238689', 'FAUZAN', 'XII TJKT 2_SAS_2526', 'TJKT', 'SISWA2036', 'CBT12345', 'siswa', 1),
(2037, 'K01030098238690', 'FEBRI HARIYANTO', 'XII TJKT 2_SAS_2526', 'TJKT', 'SISWA2037', 'CBT12345', 'siswa', 1),
(2038, 'K01030098238693', 'FYKI PRATAMA', 'XII TJKT 2_SAS_2526', 'TJKT', 'SISWA2038', 'CBT12345', 'siswa', 1),
(2039, 'K01030098238695', 'GANI ADHARKA PUTRAWARDANA', 'XII TJKT 2_SAS_2526', 'TJKT', 'SISWA2039', 'CBT12345', 'siswa', 1),
(2040, 'K01030098238701', 'ILHAM', 'XII TJKT 2_SAS_2526', 'TJKT', 'SISWA2040', 'CBT12345', 'siswa', 1),
(2041, 'K01030098238704', 'LUTHFI DWI NOVANTO', 'XII TJKT 2_SAS_2526', 'TJKT', 'SISWA2041', 'CBT12345', 'siswa', 1),
(2042, 'K01030098238713', 'MUHAMAD ALI FAUZAN', 'XII TJKT 2_SAS_2526', 'TJKT', 'SISWA2042', 'CBT12345', 'siswa', 1),
(2043, 'K01030098238714', 'MUHAMAD AR RIDHO', 'XII TJKT 2_SAS_2526', 'TJKT', 'SISWA2043', 'CBT12345', 'siswa', 1),
(2044, 'K01030098238721', 'MUHAMMAD ABHIZART FAHLEVI', 'XII TJKT 2_SAS_2526', 'TJKT', 'SISWA2044', 'CBT12345', 'siswa', 1),
(2045, 'K01030098238722', 'MUHAMMAD ADLY FEBRIAN', 'XII TJKT 2_SAS_2526', 'TJKT', 'SISWA2045', 'CBT12345', 'siswa', 1),
(2046, 'K01030098238705', 'MUHAMMAD AMRIL MUZAKI', 'XII TJKT 2_SAS_2526', 'TJKT', 'SISWA2046', 'CBT12345', 'siswa', 1),
(2047, 'K01030098238727', 'MUHAMMAD FASHYA ARIFIN', 'XII TJKT 2_SAS_2526', 'TJKT', 'SISWA2047', 'CBT12345', 'siswa', 1),
(2048, 'K01030098238728', 'MUHAMMAD FATHAH NUGROHO', 'XII TJKT 2_SAS_2526', 'TJKT', 'SISWA2048', 'CBT12345', 'siswa', 1),
(2049, 'K01030098238729', 'MUHAMMAD FURQON MUQORROBIN', 'XII TJKT 2_SAS_2526', 'TJKT', 'SISWA2049', 'CBT12345', 'siswa', 1),
(2050, 'K01030098238739', 'RAIHAN PUTRA ABDILLAH', 'XII TJKT 2_SAS_2526', 'TJKT', 'SISWA2050', 'CBT12345', 'siswa', 1),
(2051, 'K01030098238748', 'RIAN KUSUMADIKA', 'XII TJKT 2_SAS_2526', 'TJKT', 'SISWA2051', 'CBT12345', 'siswa', 1),
(2052, 'K01030098238751', 'RIDHO SURYA ATMAJA', 'XII TJKT 2_SAS_2526', 'TJKT', 'SISWA2052', 'CBT12345', 'siswa', 1),
(2053, 'K01030098238752', 'RIFA AGAM', 'XII TJKT 2_SAS_2526', 'TJKT', 'SISWA2053', 'CBT12345', 'siswa', 1),
(2054, 'K01030098238753', 'Rifqi Dwi Andika', 'XII TJKT 2_SAS_2526', 'TJKT', 'SISWA2054', 'CBT12345', 'siswa', 1),
(2055, 'K01030098238756', 'RIZKI NOVA PRATAMA', 'XII TJKT 2_SAS_2526', 'TJKT', 'SISWA2055', 'CBT12345', 'siswa', 1),
(2056, 'K01030098238760', 'RUDE MARCHALINO', 'XII TJKT 2_SAS_2526', 'TJKT', 'SISWA2056', 'CBT12345', 'siswa', 1),
(2057, 'K01030098238763', 'SULTAN ABDU AL FAATHIR', 'XII TJKT 2_SAS_2526', 'TJKT', 'SISWA2057', 'CBT12345', 'siswa', 1),
(2058, 'K01030098238767', 'TEZAR ADITYA', 'XII TJKT 2_SAS_2526', 'TJKT', 'SISWA2058', 'CBT12345', 'siswa', 1),
(2059, 'K01030098238770', 'WAHYU LAKSANA PUTRA', 'XII TJKT 2_SAS_2526', 'TJKT', 'SISWA2059', 'CBT12345', 'siswa', 1),
(2060, 'K01030098238771', 'Yayan Ardiyansah', 'XII TJKT 2_SAS_2526', 'TJKT', 'SISWA2060', 'CBT12345', 'siswa', 1),
(2061, 'K01030098238773', 'YULIANTO PRASETIO', 'XII TJKT 2_SAS_2526', 'TJKT', 'SISWA2061', 'CBT12345', 'siswa', 1),
(2062, 'K01030098238638', 'ABDUL LATIP', 'XII TJKT 3_SAS_2526', 'TJKT', 'SISWA2062', 'CBT12345', 'siswa', 1),
(2063, 'K01030098239006', 'ADAM KHAIRY YASHA', 'XII TJKT 3_SAS_2526', 'TJKT', 'SISWA2063', 'CBT12345', 'siswa', 1),
(2064, 'K01030098238641', 'ADITIYA HERIYANTO', 'XII TJKT 3_SAS_2526', 'TJKT', 'SISWA2064', 'CBT12345', 'siswa', 1),
(2065, 'K01030098238642', 'ADITYA AWAL TAZUDIN', 'XII TJKT 3_SAS_2526', 'TJKT', 'SISWA2065', 'CBT12345', 'siswa', 1),
(2066, 'K01030098238644', 'ADITYA PUTRA PANGESTU', 'XII TJKT 3_SAS_2526', 'TJKT', 'SISWA2066', 'CBT12345', 'siswa', 1),
(2067, 'K01030098238647', 'AFSOLIEAN KARIF', 'XII TJKT 3_SAS_2526', 'TJKT', 'SISWA2067', 'CBT12345', 'siswa', 1),
(2068, 'K01030098238649', 'AHMAD FADILLAH SYA\'BAN', 'XII TJKT 3_SAS_2526', 'TJKT', 'SISWA2068', 'CBT12345', 'siswa', 1),
(2069, 'K01030098238650', 'AHMAD KHAIRUL MUSTOFA', 'XII TJKT 3_SAS_2526', 'TJKT', 'SISWA2069', 'CBT12345', 'siswa', 1),
(2070, 'K01030098238651', 'AHMAD RIFAI', 'XII TJKT 3_SAS_2526', 'TJKT', 'SISWA2070', 'CBT12345', 'siswa', 1),
(2071, 'K01030098238653', 'ALI PATRIYO', 'XII TJKT 3_SAS_2526', 'TJKT', 'SISWA2071', 'CBT12345', 'siswa', 1),
(2072, 'K01030098238654', 'ALNO ANSYAHARIN', 'XII TJKT 3_SAS_2526', 'TJKT', 'SISWA2072', 'CBT12345', 'siswa', 1),
(2073, 'K01030098238660', 'ANGGA PUTRA', 'XII TJKT 3_SAS_2526', 'TJKT', 'SISWA2073', 'CBT12345', 'siswa', 1),
(2074, 'K01030098238662', 'ARDITYA BAGAS PRATAMA', 'XII TJKT 3_SAS_2526', 'TJKT', 'SISWA2074', 'CBT12345', 'siswa', 1),
(2075, 'K01030098238675', 'DIKY RIYADI', 'XII TJKT 3_SAS_2526', 'TJKT', 'SISWA2075', 'CBT12345', 'siswa', 1),
(2076, 'K01030098238680', 'FAHIM MUHAMMAD AL DAFFA', 'XII TJKT 3_SAS_2526', 'TJKT', 'SISWA2076', 'CBT12345', 'siswa', 1),
(2077, 'K01030098238683', 'FAJAR PURNAMA', 'XII TJKT 3_SAS_2526', 'TJKT', 'SISWA2077', 'CBT12345', 'siswa', 1),
(2078, 'K01030098238684', 'FAJRI DWI SAPUTRA', 'XII TJKT 3_SAS_2526', 'TJKT', 'SISWA2078', 'CBT12345', 'siswa', 1),
(2079, 'K01030098238696', 'GIRI MAS PERKASA', 'XII TJKT 3_SAS_2526', 'TJKT', 'SISWA2079', 'CBT12345', 'siswa', 1),
(2080, 'K01030098238698', 'HAYKAL NUR RIZKI', 'XII TJKT 3_SAS_2526', 'TJKT', 'SISWA2080', 'CBT12345', 'siswa', 1),
(2081, 'K01030098238702', 'KATON FAJAR IRAWAN', 'XII TJKT 3_SAS_2526', 'TJKT', 'SISWA2081', 'CBT12345', 'siswa', 1),
(2082, 'K01030098238703', 'KHARIS ALMEIDA ROHMAN', 'XII TJKT 3_SAS_2526', 'TJKT', 'SISWA2082', 'CBT12345', 'siswa', 1),
(2083, 'K01030098238709', 'MOHAMMAD ZIKRA ARFARIDZI', 'XII TJKT 3_SAS_2526', 'TJKT', 'SISWA2083', 'CBT12345', 'siswa', 1),
(2084, 'K01030098238716', 'MUHAMAD LUTFI GHIFFARIE', 'XII TJKT 3_SAS_2526', 'TJKT', 'SISWA2084', 'CBT12345', 'siswa', 1),
(2085, 'K01030098238718', 'MUHAMAD REFFA', 'XII TJKT 3_SAS_2526', 'TJKT', 'SISWA2085', 'CBT12345', 'siswa', 1),
(2086, 'K01030098238719', 'Muhamad Rio Framudya Hermawan', 'XII TJKT 3_SAS_2526', 'TJKT', 'SISWA2086', 'CBT12345', 'siswa', 1),
(2087, 'K01030098238724', 'MUHAMMAD ARLIAN SYAPUTRA', 'XII TJKT 3_SAS_2526', 'TJKT', 'SISWA2087', 'CBT12345', 'siswa', 1),
(2088, 'K01030098238726', 'MUHAMMAD FARHAN RAMADHAN', 'XII TJKT 3_SAS_2526', 'TJKT', 'SISWA2088', 'CBT12345', 'siswa', 1),
(2089, 'K01030098238731', 'MUHAMMAD NADHIF RIZALDY', 'XII TJKT 3_SAS_2526', 'TJKT', 'SISWA2089', 'CBT12345', 'siswa', 1),
(2090, 'K01030098238732', 'MUHAMMAD SYARIF AL FATHIER', 'XII TJKT 3_SAS_2526', 'TJKT', 'SISWA2090', 'CBT12345', 'siswa', 1),
(2091, 'K01030098238733', 'MUHAMMAD WILDAN ALFURQON', 'XII TJKT 3_SAS_2526', 'TJKT', 'SISWA2091', 'CBT12345', 'siswa', 1),
(2092, 'K01030098238706', 'MUHAMMAD WILDAN DWI CHANDRA', 'XII TJKT 3_SAS_2526', 'TJKT', 'SISWA2092', 'CBT12345', 'siswa', 1),
(2093, 'K01030098238734', 'PERI SUBAKTI', 'XII TJKT 3_SAS_2526', 'TJKT', 'SISWA2093', 'CBT12345', 'siswa', 1),
(2094, 'K01030098238738', 'RAHMADHAN RIZAL THAULANI', 'XII TJKT 3_SAS_2526', 'TJKT', 'SISWA2094', 'CBT12345', 'siswa', 1),
(2095, 'K01030098238741', 'RAYHAN ARIFIN HIDAYAT', 'XII TJKT 3_SAS_2526', 'TJKT', 'SISWA2095', 'CBT12345', 'siswa', 1),
(2096, 'K01030098238742', 'RAYHAN JULIAN', 'XII TJKT 3_SAS_2526', 'TJKT', 'SISWA2096', 'CBT12345', 'siswa', 1),
(2097, 'K01030098238743', 'RAYHAN NURIL MUSTAQIM', 'XII TJKT 3_SAS_2526', 'TJKT', 'SISWA2097', 'CBT12345', 'siswa', 1),
(2098, 'K01030098238744', 'RAZKA KHAIRUL AMARULLAH', 'XII TJKT 3_SAS_2526', 'TJKT', 'SISWA2098', 'CBT12345', 'siswa', 1),
(2099, 'K01030098238746', 'REZA EGI SAPUTRA', 'XII TJKT 3_SAS_2526', 'TJKT', 'SISWA2099', 'CBT12345', 'siswa', 1),
(2100, 'K01030098238755', 'RIZKI MUHAMAD RAFI', 'XII TJKT 3_SAS_2526', 'TJKT', 'SISWA2100', 'CBT12345', 'siswa', 1),
(2101, 'K01030098238757', 'RIZKY ADI NUGROHO', 'XII TJKT 3_SAS_2526', 'TJKT', 'SISWA2101', 'CBT12345', 'siswa', 1),
(2102, 'K01030098238759', 'RIZKY MUHAMMAD KURNIAWAN', 'XII TJKT 3_SAS_2526', 'TJKT', 'SISWA2102', 'CBT12345', 'siswa', 1),
(2103, 'K01030098238762', 'SATRIA ERLANGGA', 'XII TJKT 3_SAS_2526', 'TJKT', 'SISWA2103', 'CBT12345', 'siswa', 1),
(2104, 'K01030098238764', 'SULTAN NUR ANDRIANSYAH', 'XII TJKT 3_SAS_2526', 'TJKT', 'SISWA2104', 'CBT12345', 'siswa', 1),
(2105, 'K01030098238766', 'SYAHWAL HARIS LUKMANOV', 'XII TJKT 3_SAS_2526', 'TJKT', 'SISWA2105', 'CBT12345', 'siswa', 1),
(2106, 'K01030098238769', 'VICKIH HARIANTO', 'XII TJKT 3_SAS_2526', 'TJKT', 'SISWA2106', 'CBT12345', 'siswa', 1),
(2107, 'K01030098238772', 'YUSRON AL FAWAZ', 'XII TJKT 3_SAS_2526', 'TJKT', 'SISWA2107', 'CBT12345', 'siswa', 1);

-- --------------------------------------------------------

--
-- Table structure for table `bank_soal`
--

CREATE TABLE `bank_soal` (
  `id_bank_soal` int(11) NOT NULL,
  `nama_bank_soal` text NOT NULL,
  `jurusan` varchar(32) NOT NULL
) ENGINE=InnoDB DEFAULT CHARSET=utf8mb4 COLLATE=utf8mb4_general_ci;

--
-- Dumping data for table `bank_soal`
--

INSERT INTO `bank_soal` (`id_bank_soal`, `nama_bank_soal`, `jurusan`) VALUES
(715751, 'INDO XII', 'UMUM');

-- --------------------------------------------------------

--
-- Table structure for table `jadwal_soal`
--

CREATE TABLE `jadwal_soal` (
  `id_jadwal_soal` int(11) NOT NULL,
  `id_jadwal` int(11) NOT NULL,
  `id_bank_soal` int(11) NOT NULL
) ENGINE=InnoDB DEFAULT CHARSET=utf8mb4 COLLATE=utf8mb4_general_ci;

--
-- Dumping data for table `jadwal_soal`
--

INSERT INTO `jadwal_soal` (`id_jadwal_soal`, `id_jadwal`, `id_bank_soal`) VALUES
(19692014, 30965272, 715751),
(72171007, 30965272, 715751);

-- --------------------------------------------------------

--
-- Table structure for table `siswa_jawab`
--

CREATE TABLE `siswa_jawab` (
  `id_siswa_jawab` int(11) NOT NULL,
  `id_mapel` int(240) NOT NULL,
  `username` varchar(32) NOT NULL,
  `soal_id` int(11) NOT NULL,
  `jawaban` text NOT NULL,
  `timestamp` timestamp NOT NULL DEFAULT current_timestamp() ON UPDATE current_timestamp()
) ENGINE=InnoDB DEFAULT CHARSET=utf8mb4 COLLATE=utf8mb4_general_ci;

-- --------------------------------------------------------

--
-- Table structure for table `siswa_login`
--

CREATE TABLE `siswa_login` (
  `id` int(11) NOT NULL,
  `username` varchar(128) DEFAULT NULL,
  `login_time` datetime DEFAULT NULL
) ENGINE=InnoDB DEFAULT CHARSET=utf8mb4 COLLATE=utf8mb4_general_ci;

-- --------------------------------------------------------

--
-- Table structure for table `siswa_status`
--

CREATE TABLE `siswa_status` (
  `id_status_peserta` int(11) NOT NULL,
  `id_jadwal` int(11) NOT NULL,
  `username` text NOT NULL,
  `status` text NOT NULL
) ENGINE=InnoDB DEFAULT CHARSET=utf8mb4 COLLATE=utf8mb4_general_ci;

--
-- Dumping data for table `siswa_status`
--

INSERT INTO `siswa_status` (`id_status_peserta`, `id_jadwal`, `username`, `status`) VALUES
(21, 30965272, 'SISWA1740', 'MENGERJAKAN');

-- --------------------------------------------------------

--
-- Table structure for table `soal`
--

CREATE TABLE `soal` (
  `id_soal` int(200) NOT NULL,
  `id_bank_soal` int(200) NOT NULL,
  `soal` text NOT NULL,
  `pilA` text NOT NULL,
  `pilB` text NOT NULL,
  `pilC` text NOT NULL,
  `pilD` text NOT NULL,
  `pilE` text NOT NULL,
  `kunci` text NOT NULL,
  `gambar` text NOT NULL
) ENGINE=InnoDB DEFAULT CHARSET=utf8mb4 COLLATE=utf8mb4_general_ci;

--
-- Dumping data for table `soal`
--

INSERT INTO `soal` (`id_soal`, `id_bank_soal`, `soal`, `pilA`, `pilB`, `pilC`, `pilD`, `pilE`, `kunci`, `gambar`) VALUES
(1715751, 715751, 'Setiap pagi, Andi berangkat ke sekolah dengan sepeda motor. Ia selalu memakai helm dan mematuhi rambu lalu lintas. Tindakan Andi menunjukkan nilai  ', 'Keberanian', 'Kepedulian', 'Kedisiplinan', 'Kejujuran', 'Kerja sama', 'C', ' '),
(2715751, 715751, 'Siti diminta guru untuk menyampaikan pidato tentang kebersihan sekolah. Ia menyusun teks pidato dengan pembukaan, isi, dan penutup secara runtut. Jenis teks yang disusun Siti adalah ', 'Narasi', 'Prosedur', 'Eksposisi', 'Persuasi', 'Pidato', 'E', 'mtk_xii.png'),
(3715751, 715751, 'Rudi membaca pengumuman lomba kebersihan kelas yang ditempel di mading sekolah. Informasi utama dalam pengumuman tersebut biasanya berisi tentang ', 'Cerita pengalaman', 'Pendapat penulis', 'Ajakan tersirat', 'Waktu dan ketentuan lomba', 'Uraian perasaan', 'D', ' '),
(4715751, 715751, 'Pada saat praktik kerja lapangan (PKL), Bima diminta menulis laporan kegiatan secara sistematis dan objektif. Jenis teks yang tepat untuk laporan tersebut adalah ', 'Teks deskripsi', 'Teks laporan hasil observasi', 'Teks anekdot', 'Teks cerpen', 'Teks persuasi', 'B', ' '),
(5715751, 715751, 'Dina menulis pengalaman pertamanya mengikuti lomba desain grafis di sekolah. Tulisan tersebut menceritakan peristiwa secara berurutan berdasarkan waktu. Teks yang ditulis Dina termasuk teks ', 'nnnnn', 'Prosedur', 'Narasi', 'Eksposisi', 'Argumentasi', 'C', ' '),
(6715751, 715751, 'Seorang siswa menjelaskan cara mengoperasikan mesin fotokopi kepada temannya secara langkah demi langkah. Teks yang sesuai dengan penjelasan tersebut adalah ', 'Teks cerita', 'Teks laporan', 'Teks prosedur', 'Teks eksposisi', 'Teks anekdot', 'C', ' '),
(7715751, 715751, 'Dalam sebuah artikel, penulis menjelaskan manfaat magang bagi siswa SMK dengan bahasa lugas dan informatif. Tujuan utama teks tersebut adalah ', 'Menghibur pembaca', 'Menceritakan pengalaman', 'Memberi penilaian pribadi', 'Memberi informasi', 'Menyindir pembaca', 'D', ''),
(8715751, 715751, 'Ketika rapat OSIS, ketua menyampaikan pendapatnya agar kegiatan bakti sosial tetap dilaksanakan meskipun cuaca kurang mendukung, disertai alasan yang logis. Teks tersebut termasuk ', 'Narasi', 'Argumentasi', 'Deskripsi', 'Prosedur', 'Anekdot', 'B', ' '),
(9715751, 715751, 'Teks yang menggambarkan suasana bengkel sekolah dengan detail alat, bau oli, dan suara mesin bertujuan untuk ', 'Menjelaskan langkah kerja', 'Menghibur pembaca', 'Memberi informasi umum', 'Melukiskan objek secara jelas', 'Mempengaruhi pembaca', 'D', ''),
(10715751, 715751, 'Seorang guru menulis teks singkat berisi kritik sosial yang disampaikan secara lucu dan menyindir tentang kebiasaan siswa datang terlambat. Teks tersebut disebut ', 'Cerpen', 'Laporan', 'Anekdot', 'Prosedur', 'Eksposisi', 'C', ' ');

-- --------------------------------------------------------

--
-- Table structure for table `token_keluar`
--

CREATE TABLE `token_keluar` (
  `id` int(11) NOT NULL,
  `token_keluar` varchar(100) DEFAULT NULL
) ENGINE=InnoDB DEFAULT CHARSET=utf8mb4 COLLATE=utf8mb4_general_ci;

--
-- Dumping data for table `token_keluar`
--

INSERT INTO `token_keluar` (`id`, `token_keluar`) VALUES
(1, 'CBT9998');

-- --------------------------------------------------------

--
-- Table structure for table `token_masuk`
--

CREATE TABLE `token_masuk` (
  `id` int(11) NOT NULL,
  `token_masuk` varchar(100) DEFAULT NULL
) ENGINE=InnoDB DEFAULT CHARSET=utf8mb4 COLLATE=utf8mb4_general_ci;

--
-- Dumping data for table `token_masuk`
--

INSERT INTO `token_masuk` (`id`, `token_masuk`) VALUES
(1, 'CBT5559');

--
-- Indexes for dumped tables
--

--
-- Indexes for table `auth`
--
ALTER TABLE `auth`
  ADD PRIMARY KEY (`id`);

--
-- Indexes for table `a_jadwal`
--
ALTER TABLE `a_jadwal`
  ADD PRIMARY KEY (`id_jadwal`);

--
-- Indexes for table `a_jurusan`
--
ALTER TABLE `a_jurusan`
  ADD PRIMARY KEY (`id`) USING BTREE;

--
-- Indexes for table `a_kelas`
--
ALTER TABLE `a_kelas`
  ADD PRIMARY KEY (`id`) USING BTREE;

--
-- Indexes for table `a_mapel`
--
ALTER TABLE `a_mapel`
  ADD PRIMARY KEY (`id_mapel`);

--
-- Indexes for table `a_siswa`
--
ALTER TABLE `a_siswa`
  ADD PRIMARY KEY (`id`);

--
-- Indexes for table `bank_soal`
--
ALTER TABLE `bank_soal`
  ADD PRIMARY KEY (`id_bank_soal`);

--
-- Indexes for table `jadwal_soal`
--
ALTER TABLE `jadwal_soal`
  ADD PRIMARY KEY (`id_jadwal_soal`);

--
-- Indexes for table `siswa_jawab`
--
ALTER TABLE `siswa_jawab`
  ADD PRIMARY KEY (`id_siswa_jawab`);

--
-- Indexes for table `siswa_login`
--
ALTER TABLE `siswa_login`
  ADD PRIMARY KEY (`id`);

--
-- Indexes for table `siswa_status`
--
ALTER TABLE `siswa_status`
  ADD PRIMARY KEY (`id_status_peserta`);

--
-- Indexes for table `soal`
--
ALTER TABLE `soal`
  ADD PRIMARY KEY (`id_soal`);

--
-- Indexes for table `token_keluar`
--
ALTER TABLE `token_keluar`
  ADD PRIMARY KEY (`id`);

--
-- Indexes for table `token_masuk`
--
ALTER TABLE `token_masuk`
  ADD PRIMARY KEY (`id`);

--
-- AUTO_INCREMENT for dumped tables
--

--
-- AUTO_INCREMENT for table `auth`
--
ALTER TABLE `auth`
  MODIFY `id` int(11) NOT NULL AUTO_INCREMENT, AUTO_INCREMENT=7;

--
-- AUTO_INCREMENT for table `a_jurusan`
--
ALTER TABLE `a_jurusan`
  MODIFY `id` int(11) NOT NULL AUTO_INCREMENT, AUTO_INCREMENT=506;

--
-- AUTO_INCREMENT for table `a_kelas`
--
ALTER TABLE `a_kelas`
  MODIFY `id` int(11) NOT NULL AUTO_INCREMENT, AUTO_INCREMENT=1032332626;

--
-- AUTO_INCREMENT for table `siswa_jawab`
--
ALTER TABLE `siswa_jawab`
  MODIFY `id_siswa_jawab` int(11) NOT NULL AUTO_INCREMENT, AUTO_INCREMENT=151;

--
-- AUTO_INCREMENT for table `siswa_login`
--
ALTER TABLE `siswa_login`
  MODIFY `id` int(11) NOT NULL AUTO_INCREMENT, AUTO_INCREMENT=8;

--
-- AUTO_INCREMENT for table `siswa_status`
--
ALTER TABLE `siswa_status`
  MODIFY `id_status_peserta` int(11) NOT NULL AUTO_INCREMENT, AUTO_INCREMENT=22;

--
-- AUTO_INCREMENT for table `token_keluar`
--
ALTER TABLE `token_keluar`
  MODIFY `id` int(11) NOT NULL AUTO_INCREMENT, AUTO_INCREMENT=2;

--
-- AUTO_INCREMENT for table `token_masuk`
--
ALTER TABLE `token_masuk`
  MODIFY `id` int(11) NOT NULL AUTO_INCREMENT, AUTO_INCREMENT=2;
COMMIT;

/*!40101 SET CHARACTER_SET_CLIENT=@OLD_CHARACTER_SET_CLIENT */;
/*!40101 SET CHARACTER_SET_RESULTS=@OLD_CHARACTER_SET_RESULTS */;
/*!40101 SET COLLATION_CONNECTION=@OLD_COLLATION_CONNECTION */;
